,GK_mean,GK_median,GK_min,GK_max,BK_mean,BK_median,BK_min,BK_max,thick
005642f48d3e86d871bb701bac2ba042,6.187767285107528,6.205048348348421,5.3303351366118035,7.472370421009713,25.609053149578077,22.708279607800215,15.427688478406433,48.546050652841295,41.0
02384c4d1324238fb99fcf66c88fbdad,4.781146215660509,4.789531526209952,4.328603715668916,5.403806288523004,64.66553486449459,63.47580166985117,37.15607582369075,103.06127052698258,21.4
02bd0350b7f0cef7af7ca50801d89810,13.920133736469838,14.447299736742977,8.203817560345303,22.671964699983544,36.96834230897104,33.84763295961835,21.31489382007192,57.21290226847636,12.9
02dba139f57f4aa50c3fbf56f586551f,6.1101601514960455,6.106062758728035,4.872813465352666,7.768855574361341,10.81531156755374,9.025353262326579,7.342493071702085,28.70643994764109,59.6
031f7cf95ada8d6e49ad6bd96c886d9c,6.086265363015154,6.060274348567513,5.662579703871972,6.560562227810865,54.50846225276599,51.46167278129044,29.951037588618934,88.36403932184754,8.4
038753062b1b3941bbce024a2af27e18,5.473594527565716,5.565655725180321,4.774609140871391,6.297124824318257,64.38913085892501,50.543845294946635,35.94956935324606,118.27021404221973,9.2
04154a658a396d1c18331ebf0330744f,12.127534265345313,12.071542828178156,10.524061174546521,14.39155023406675,13.57202845619583,11.738271092777175,8.001209867471868,28.341964412896665,36.8
046568c4bd1c6343c5f932ef6a21b112,6.422564484824658,6.327903824180533,6.098185559281641,7.213658565010745,98.42194325950385,96.27776885653597,52.97201098003572,148.123124678821,4.2
047a7a651d481e1c43b691c9e7dc07c9,4.4091508355534845,4.403001397677542,4.120117530023339,5.072726563511884,112.65402932473918,116.15512836122595,60.39855259301177,178.17653085943493,9.7
04d7884a9f7019671285b87ca468d0f1,5.649968557116027,5.5183572884831475,4.673620176847907,7.152200380622957,8.68121847453801,8.199140602110358,6.678561160219774,15.520289803183774,46.1
053c7b37c95c4617f331791134227db7,0.0,0.0,0.0,0.0,0.0,0.0,0.0,0.0,
0556368a803a0c64972646d4bfaecd86,29.26221821155904,34.235593906057275,12.257091663835094,39.56077730303496,346.07484348441807,323.20779364286534,180.4917154708322,598.4698768001466,9.2
05ac8fa0edaeedff9ad4b752f9c9383b,31.057378231367,33.47223590355465,17.40340360466764,38.38531592047405,218.66379345895214,228.23423906016643,114.22761278339588,323.9782648149627,12.0
061047df78f8b8cca17f37f266c9f527,5.31772303631415,5.122370081151573,4.915678536989499,6.804772206397556,20.33202851356202,21.666237211980043,12.393999618844534,24.883902066448048,17.3
0629ab7d6c84f651f73ec122c9bb4237,8.016510888642852,8.105114977719518,6.399156933499982,10.212267972787934,23.305101101806194,19.83255794370996,13.90865979291561,53.30783100072524,67.9
06ea4252d9311316b20a10f3f8266b26,4.957864907533586,4.95284625361232,4.217645931596522,5.90428124703819,28.750601020592182,26.711325329922797,17.141088848213684,51.84207708168907,28.7
076ba09a8e0c70e1df2c06f45d653b31,5.847195898438793,5.811763736196965,4.806572493106006,7.024506715748337,11.995698543271104,11.750748267909932,8.372399198914536,18.26465332615503,50.6
08a150adf24e74844be252fdd26c407c,6.100321936338005,5.941483880165843,5.689615600135146,7.011193191373923,25.038069420949487,23.41037980378889,14.945730327626318,39.62579505750606,9.4
097278c74db2f57facb9a33a3857d995,5.767419154876544,5.760532304031901,4.975466670208147,6.706676490796,103.4229619899179,104.01138762742393,55.61445700412944,151.35527033608457,6.9
09dfc186d24aab3aa8fc541f3561a3dd,7.211813060038221,7.2177796700164,6.377937847208432,7.943726268323583,4.267943508000486,4.05563938770395,3.0055346542019685,6.88825931525508,88.8
0a0106327ac0b21fe3033dc746605ecb,73.89098925370114,77.1459255598906,28.936777347022897,92.84926807704268,189.84054675784438,189.77789800520995,92.46674333360426,309.4257220259598,14.9
0b0688c9273d26bdd4870035682648cf,0.0,0.0,0.0,0.0,0.0,0.0,0.0,0.0,
0b3ab4e5a4fb872263210f811d40393e,4.864762805197308,4.946915275202272,3.8259660083526277,5.941058944523017,44.827621682246885,39.270027215539265,25.41949573735013,98.53767610470562,16.2
0b9e96056ca6c295b0f5973b11bb9003,4.768587766481741,4.655095550849092,4.034876632740241,6.392723272433595,16.98358868433147,16.387216806128123,10.375576800232128,25.661082106936185,23.6
0c115e212e735f62a29be261b7da800b,9.892932729718858,9.790504661998693,8.197726166690408,11.535079677234211,33.46989223776342,32.082927601497296,19.826355111446016,58.54827321400838,11.0
0dfdb18a4861b7a12908648f7a531790,8.928172710482894,8.904572414810763,7.663695161541039,10.669628666548569,18.847762063883476,17.87126970828227,11.732650121912734,32.16691892732514,27.6
103c9dbb809d383975c5349cbc296767,4.371912234794733,4.252338816261002,4.048086129979396,5.304095935236052,105.656797152516,99.24870114850195,56.85554116633028,170.26223490907523,4.5
107b4456d0f5f8604e72616bfeeee18b,6.068775028157734,6.00174717500581,5.689498152999522,6.623226657701038,18.66634586499799,19.99445137847001,12.085672013332191,24.04363859607922,6.3
11a9ec373db79f6386c352de776fc373,4.461493239690776,4.339731241211526,3.4915926041645333,5.606319116421546,14.166873709118857,12.950323371018621,9.944103248461055,28.19574659048079,66.4
120031e82e8149b7ea27d648e881eab1,0.0,0.0,0.0,0.0,0.0,0.0,0.0,0.0,
1390ea1f8bd63dd4bd04682276bcbd1d,4.829803465080581,4.80651531382114,4.451886680295436,5.771578770768189,44.94777935932916,45.640721554267174,25.298854306716233,72.49661970510995,12.9
139f7e08e0ee1482519ba728cbc592a1,4.761968049101269,4.755225952633621,4.434600853444844,5.144103862574338,39.149917855529125,36.256316782681026,22.74537960727473,70.0925321036907,11.1
14ceda46a67a93bd87c41914899f0616,5.66980936085784,5.650222882089528,5.295685974620572,6.461164643631075,60.440009617600516,55.379173688645324,34.565511497155484,94.67890688601018,6.0
14f2c87e5ee5587efb0d983596b62689,0.0,0.0,0.0,0.0,0.0,0.0,0.0,0.0,
15a51a0de838bdb2a3a48d70278b43d5,9.94689370055375,9.477231634134036,4.020283190386699,18.935680358218242,122.32912048296264,105.16834128099111,65.01556613406368,219.35314121819047,18.0
15e27270654bb79bfa7c3b93f244fa8f,18.174064265388214,18.384638169104285,11.297736606996661,25.02356061348802,243.91145528306828,249.95223255385594,128.81450333698112,356.0245535818003,9.2
16393790ccb50dfaa3bbf964799f393b,6.181040235923177,6.304404038152326,5.816977964508479,6.574989314822011,51.6775068424204,48.39565369924503,29.092806548814828,81.17646904983826,5.2
16e305cd3d10a0b4c37bde9c7722e2c8,5.000014022881384,4.9868109951994635,1.958,6.8695149138276745,9.027724113469066,8.129910951753434,6.146351805459929,17.800505415186084,68.3
175da4863586bd62e76f99114fc97fac,30.65369769984362,31.749429398677513,11.839861865360785,40.708419208385216,124.60519979001636,114.06423172131525,64.03571806147744,210.4100580772228,13.2
1763f50093770656397873fc691265f1,3.0538856851797735,3.0048923517043944,2.7806847323747244,3.6003058561482053,38.25161726504775,40.55670405729489,21.684150143735724,50.10101116673147,6.0
178f3af9ca218fe3fa827b26e0b1f055,4.75933074513149,4.6652244944560515,4.113882526635705,5.761785405854421,20.095754267338204,18.97354468707944,13.007243797867073,29.829366760219585,15.2
17fef7979c2165e83ffe13fa77fb4b2d,6.928869845269147,6.753519217367935,6.533706146575894,8.044176267591945,173.9700517029319,167.88518819923524,91.21872135803618,255.41890821142638,4.1
188a5a76c14551bbe9dfeeb39f78267d,4.894752175629797,4.848165000923224,4.599665852675952,5.368947794267964,596.0717479264666,637.6911731653454,321.3583261902404,748.6424857832669,16.1
1985ce133e46136b7d36e49a8ab3a49c,6.384313015380573,6.4105757713833125,5.496760053218806,7.340507401797571,25.207649861326843,20.301873015182522,15.20199100073556,51.9217145150797,15.8
19a9e207d7a349ab9ef40de491f8ec15,5.89793754367361,6.011707327624438,4.594351832039589,6.785376111305814,16.435873968150347,15.004477784491023,10.928215193301858,26.066956488796336,21.1
1a3d0cc4d01178a716fc02dfafb7cc0a,6.302123375747885,6.093362269068235,5.253820419073875,8.522352386755248,41.69397563438402,37.441378184779005,24.057619291678012,65.26208098520083,9.0
1a41e8657c3273f16e0f6654d2bcdeba,30.851754760544104,31.46557422495624,20.241946866489297,37.68351167002478,110.51897806366362,103.33754836456448,56.72136890024852,175.05170831342846,11.1
1ab6c3eef1f7d451086331e5a1480c7f,0.0,0.0,0.0,0.0,0.0,0.0,0.0,0.0,
1aef50d46be37845f319e2b44970294d,4.834066348369649,4.616799543920146,3.8652523491267785,6.3466526495825795,78.5148795188247,84.21550733776174,43.251349217253775,146.620111081787,18.3
1bd23e069c7dfbedc14ccf2e309b87d3,4.694473560303053,4.7200099325660805,3.6485281467304262,6.41522796836128,35.453012880274834,26.586146364175562,20.69570598349224,83.77124360879831,23.8
1c1e93a60bd298a468b52d2438424947,15.541253614388415,14.04085767501183,8.303680618377767,27.605264119103555,165.7454173090441,149.62939064541192,87.06458409639137,275.8491299179697,15.2
1c3e7c589196c5cea949827dcfc3de64,12.238096573626308,12.076314804498548,10.807362150110036,14.950978825917508,18.95785394100535,18.82683595013284,11.958951495114274,24.97359445498545,13.9
1c641ae366dd27cfa15df6b3eb48066a,4.9031678101620315,4.973448569800437,3.75827800342261,5.780743307146554,22.63505301773931,19.929774799385342,13.772009304399273,47.03653133982941,28.6
1c76c16d6f5e5b2647d4adb180ef156d,4.399848200684165,4.573259316399463,2.899963937109111,5.576059734762979,22.956812497547126,18.407470618236488,13.862201861269156,60.94591871276334,39.2
1cb69fe220cee2ed4f1ec2439238cdf5,13.952391229807635,13.924017859116468,12.023539182995412,15.83350714869688,11.641472987893783,10.552692475195226,7.787426754099991,19.539901184791038,38.8
1cbf3e729a2f3c1949262f3b88dcf233,5.072381901440676,5.191038139733926,4.321569469030853,6.0479833125081,21.968547653260426,18.13433091416542,13.355988323314604,39.84345077153099,13.5
1ddedb7c5763e42726e412ae1a88160f,61.649969933787766,70.44945379876708,11.934025993602173,87.50451899007751,218.19633588181065,200.61834885606953,107.23922801621947,373.9362080586598,14.8
1e49be7690ee35800933041679b258a9,11.745066780116876,12.022968024532506,9.683371408528197,14.070401737643193,34.484726232092044,28.625582058587234,20.038925492961603,71.02803603185542,18.3
1e84fd3c5c3081bbb511bcd72a0bdb39,19.61284616502795,19.700366979633387,6.002469771383541,31.55604177407158,140.74704639172165,129.11367401912372,74.84207692536377,220.10015785422598,13.2
1f14be78879a176d43e87149def14a63,0.0,0.0,0.0,0.0,0.0,0.0,0.0,0.0,
1f60232d501d273670259f0002142696,12.490400956636199,12.723508173307282,9.244522272346293,14.799056412643857,18.997287156023624,17.257596504422413,12.019437954772156,33.52630480479339,12.9
1ff7059b2cad138a0733080d30e2b7f9,5.263585106951443,5.1668460270887975,4.850227519997982,6.234173281645467,108.11388761434814,104.5012434133532,58.04811894402615,213.9909343268586,4.9
212d42ed6f1ff517cceaebea489c54c4,4.067484012950288,4.008213527287592,3.421968725858232,5.168440206078837,62.260087808452376,61.36930874626914,33.759917165027474,91.68827146763223,12.2
220ed0a1cd9f15ba3053f16405bb581d,6.428990581152956,6.468197350031085,5.794161984752915,7.013877144359158,3.7089184348708573,3.62790640921232,2.6350095834649236,5.004700781834206,72.1
223f8c594360f08ced40a2a1e0b22585,11.725575088727622,11.762993368903182,9.436453465614326,14.646030432832841,16.194462850480086,15.391949445514896,9.609463091780201,28.44551051797842,28.5
2326c5a8e8c7d3d752cf16e8d29515de,5.547055773756005,5.448493850282561,5.248137836231662,6.183214176917858,30.932298013600626,30.66642716709769,18.635393722789754,42.413785056246354,4.1
23fbbfd751667ca3ea867ad527568232,5.233775650976543,5.2509131994702605,5.162719325161973,5.3166933960332035,41.40138372219025,41.51564139089126,29.18299595220654,50.078316149665056,1.9
2423ea586bac0b9b070da889788ed34e,4.049826211916351,3.834740059053574,3.645069957631013,5.041079211105462,195.27192755144478,184.67956824464798,104.12797179014841,303.8067567168032,5.4
245ab095fd961fff248cd3221dd12ad1,10.115952135805463,9.960028060636441,9.042630732075093,11.854158583539167,58.80692904321024,51.67698427963981,32.506471159986305,111.3173049587127,17.6
2467cca915e0bdbef7f43572fa63af08,16.27577945985253,16.28621979305775,7.4112102203277646,27.530613983971033,75.1352445048692,73.24208590745171,41.5387636926319,114.34475001907106,13.6
250e6e1a659c831d3923500bb14442e8,77.14363758976899,80.93876767155449,45.2200422244467,91.48945077375005,104.73909399565736,99.54177559484714,38.997671126528346,178.0261355878311,12.6
25463c09116e03d0a9101a819edaa321,9.490716483840423,9.336961568855987,7.9660576902838285,11.843499997507207,13.30323478232665,11.720158701221038,8.54621967858451,31.07322791077315,46.7
260f2a2711571771a5025f2b77bc123f,6.172838989774901,6.1441486458116525,5.931458921286136,6.4179250981311675,23.138452595801063,22.699688769510786,15.051694114677298,33.463725481024525,5.2
265371ffde76fcffc7e4959a4bdc3ecf,2.214093832101959,2.222569406761039,1.9254795724276677,2.583505100405912,92.4751621859256,84.21371601699522,50.23262228637063,163.62242539625095,12.0
2673cf7f6587ea26376f7d0748ebeac5,6.318762934869976,6.269837550819751,4.41395878142899,7.861288586913619,15.072362317888247,12.817514730025508,10.119616374505618,36.47291763719204,42.6
268771f7620e8d46c42b72793cae0751,8.97422938724554,9.167892013234184,6.731228012471049,9.375494411706027,20.35869420872909,19.665572518418116,12.749936716068117,32.03050327676809,5.9
26b0ef08b630ff89812938b50b628569,0.0,0.0,0.0,0.0,0.0,0.0,0.0,0.0,
27ca40a785b4a8d7c05a57d5d2a3758d,5.383656188031432,5.655366527818859,3.8950788682159727,6.2361017114158495,8.52498531502621,7.422985365647817,6.1423579925399325,25.45420589271023,96.1
27ed8cb1491ff7000349cb15aa76f38d,12.98699759797279,12.903868801833038,11.41320721869255,16.226551099067606,21.507773902676814,17.974079081563424,12.655446799155266,53.0817944830128,23.4
282732a2ace9113f8d32535244ad84e3,6.960454189090188,7.232138097466486,5.783450859497301,8.115054360004459,19.647063995958913,16.897032160881466,12.374226732564736,31.19559573579079,34.0
29b31ceb116b13b55f2bebdd889cd340,8.575257050457333,8.215858796256787,7.178504616570236,11.759528835779605,36.09448384659126,32.060078042791766,20.936339709953913,88.72246908219871,22.1
2ab4532d8cf5129fd9f58bd3fc181768,22.359923059604544,23.654375897518776,12.165310314984076,34.28217013084588,179.69879482344402,168.51667768373818,94.53781354793506,273.238390667637,14.5
2abe5d8b51f5021f947961f3222c48c1,4.356658688003355,4.421318912473861,3.5847816669110544,4.800462344907343,54.591425727829396,45.999182556448844,31.20724101068752,123.51378716041786,13.6
2b8b7acc3779f40d02aa0ba6e4942584,5.925123979300367,5.866763208678384,5.361714939038821,6.677637500119182,43.190099811682195,41.96507944996439,25.15674312909306,64.77028862365057,7.4
2bf3c2d5cd55b9ef43e7140c62be3c5a,5.139197075688395,5.103514633322198,4.318768553966312,5.909429207115898,50.64101403128876,48.186905920490055,28.6386842939321,83.53638591077127,12.3
2d4324ad6f0ab95e0570aff40c580b9b,7.392720061938504,7.698602350173799,5.43341551663844,8.63294140570476,20.184706453570662,17.18452701983336,12.500045391182182,69.13617717198149,55.7
2d721e9205dd75bd3976a9aa0b76e618,52.5814146887544,56.503603342332596,20.36278706559699,65.15413054208356,131.44187524819486,131.5059761997328,64.4136593892605,224.23896768742352,14.2
2de809426ffb2a2e06a266d635b5d241,4.974192084169333,4.903449548574934,4.167880631131506,6.085580763399355,30.01895503011109,29.27829915502843,18.00611907891399,43.01383970916568,11.7
2f32a13a519b0b6a144fb7850902e74d,0.0,0.0,0.0,0.0,0.0,0.0,0.0,0.0,
2f70ab72a25df7d2c2c4c12eabac53b2,0.0,0.0,0.0,0.0,0.0,0.0,0.0,0.0,
2f80cdbb4d9d96f34f94a3bc64fa17af,8.683615808321184,8.913255076179713,6.24345072461371,10.993138994167156,13.71486409654216,13.158372165881701,8.932894429808396,22.078135056200136,36.8
312b54c7b34ab76c43f0e4c6894c7cce,3.9194787560765096,3.9586952481585382,3.6753813826895616,4.237110184173601,97.19077942527578,97.02301213238025,52.638870915610156,136.4974586667356,5.4
31856c3af48815819473d02fc2801606,5.35044713376571,5.362702055837179,4.748344244251129,6.276926313687433,17.27384265496718,14.704756608384484,10.603359288914627,33.68670949172693,13.7
32144a10e7af7a916ac586dd700f4252,11.37783731664264,11.007237149820327,9.955126539317654,13.25713798685109,31.36065845672014,31.06838068211021,18.536969602861948,49.09746700393153,15.7
3234a53945862051749f66a8aa0b78f9,5.613446484511142,5.503400131616366,5.256725085323514,6.266709307554211,22.099164426282478,18.756076854091496,14.14314912212703,42.92533442919565,8.5
323f5a71efc9280fcd2ac4197f36b572,5.487740234014648,5.457090451891861,4.733867957367627,6.288606547717901,12.678947513292247,11.496830948195171,8.945730119208648,23.486812936479197,24.1
333cb091a4bab9eec1589ba0b3136de3,10.951438799018613,11.048092185144112,8.516613139913622,13.456825916382192,47.62151172257419,45.62286957633257,27.450198256594444,81.70264630607862,30.3
33ade9a545e41ba0ab1112242afa96be,4.60575975978922,4.544823355301509,4.11353143200413,5.680492112688595,90.47180587115187,87.84563818508511,47.806124804331326,135.70899557451295,9.3
34f0b85a7548d755810ba700bdaf498a,10.80954219446153,10.571504497942316,9.429680278132809,13.76175504255084,35.4175185070421,34.94646770545504,21.10794877502881,53.884411973475814,20.5
35b1e1c65579f7f0b00468a951ddd4ce,5.858202608447845,5.8334830885571645,4.534912476913633,7.1407424674143956,10.63099949950173,10.094836402235924,7.370926773457763,16.10919160914015,23.7
35e6c9fd1228c8209ff4643805192c4e,4.4168629076273,4.370802414891133,4.060730096140538,4.990429309781938,127.32843496806971,129.9955123569017,67.37558847084631,188.34174590604334,6.5
36b9b03fe6f054cefb4db3977b479d47,4.918393033875616,4.916304059755021,4.066028120785652,6.2181892392308775,18.558803702406774,17.36313079529554,11.689991407383534,41.90652247562113,56.1
36ccb5a141baca1eac83e3fd5b2e4006,8.398284320353833,8.249548235570824,8.183228118473043,9.338973520309967,87.18024105817163,84.1322336035816,47.98327871920527,132.5091012731186,3.8
37338d3f1587fe381bd3a24bb7bd61ba,6.193502041272947,6.236434771634622,4.421837253241069,7.582660615205835,18.43584704151496,16.835790211658985,12.35633933554012,34.876884137208506,20.0
376092d0125ed4345b8882d332f005c9,0.0,0.0,0.0,0.0,0.0,0.0,0.0,0.0,
37c1939a3c11c153a02b86d060e88483,4.691634213334225,4.821123146632944,4.228875518740828,5.352224776999578,78.1727727226526,63.22916491453159,42.64136838997323,146.1675515915636,10.5
37d66216ace7c5a3fbc283b63f0db14e,0.0,0.0,0.0,0.0,0.0,0.0,0.0,0.0,
387e8429d0f4f9e70d350314cb012f52,0.0,0.0,0.0,0.0,0.0,0.0,0.0,0.0,
388ce77c9326a8ca9bf81af1793dd10f,4.717972121901985,4.73101073357154,4.464910840510402,5.178656367925011,107.63328732820887,105.70005800267911,58.10486687040383,156.35463999630917,5.1
38d49cedfcd1f024e56824b9a285b7e9,0.0,0.0,0.0,0.0,0.0,0.0,0.0,0.0,
38ffaacf7b8d60b68d9c7044141e54bc,0.0,0.0,0.0,0.0,0.0,0.0,0.0,0.0,
390f816cc9605129f700f7cc53ada7c3,4.733859153061353,4.703162042750413,4.189338481746156,5.695563742960654,57.7093145953397,57.8987839637742,34.08410697519271,87.42222694754946,10.7
3a36efb8cb6fe16ed8f67ab3f1c55254,4.220505689274824,4.237202431135088,3.7930039217705853,4.643319745905499,9.947218199843835,9.637450690217698,7.628647474417278,13.64159056560584,23.0
3a64ba1b382ffeb0c514a4a569acff44,4.225950317407678,4.213387492115515,4.0159236300115015,4.542752441974965,289.9381651911011,284.68078899470754,150.3437453545241,423.47030451991026,5.6
3ab94291155c472589f689ab015023aa,12.67870782278219,12.438951057683866,11.810803879062975,14.219275591886445,22.33321310392899,20.146876517323573,13.631175726977972,46.00981699962329,17.5
3b33b93f93c2dd4cccadeaf9ddd9d671,7.4253938731528395,7.514935298427226,6.867460949086302,7.886496448321801,32.82129688558804,31.24956784258754,19.27966649984851,52.96086031732237,8.1
3d72a24a611bc4e63f9412ee26f282f6,8.603135712207857,8.464208309336318,7.627710814230252,11.183595449271303,83.37810661577878,81.80420089607571,44.87302240332057,140.00707295014521,13.0
3dc63c5f8a990b71048b26b0a6ac3098,4.355229973814277,4.249657927579687,4.0329617053734115,5.1947023834914265,244.19768206544364,234.90651257636733,128.91935925779762,381.6956381471164,3.9
3e6bb038ae52e2c24b40e6b007d0aabb,9.505276206500614,9.685681217359706,7.7569692605945395,11.249877046077081,9.49657567269915,8.866286103173797,6.338108619254202,23.491497672343584,89.2
3fda519da8f720c7507f9817e7fed9ac,0.0,0.0,0.0,0.0,0.0,0.0,0.0,0.0,
4052a766179bb8a037037fe0a163e5e6,4.289050517561166,4.219297290066252,3.751694091154225,5.086783933010665,46.68985560484349,43.67776054480845,26.41701000900242,78.46856351190665,11.7
41191393a514bca093c523acfe04759f,10.202301528594448,9.892313382145739,9.648841853212849,11.728583726490719,121.25750183187218,117.71622108742739,65.16184994174755,191.82160240385113,3.9
416534103ee7f2e471d386cc5df2cb12,10.345181925551685,10.272358967075553,9.425375825464872,12.031751290590197,40.69547369056379,36.895245673469105,23.136683028757474,81.76641371041515,18.7
419eaa675f30d92a736b4dee249b5f4a,12.774731896752339,12.796648811332622,10.810261060991467,14.833753240211452,13.592459217100824,12.59603861423365,8.521555386482625,26.267525012312003,34.9
41a50b3bf58254bf28522b63896fa27e,5.056295512379235,5.052222509097324,4.293769496283932,5.780357346149972,33.20936895659343,30.63123784852465,19.804263739640337,63.981147257236294,24.2
41be9a727b918e22e567b4db638595ed,0.0,0.0,0.0,0.0,0.0,0.0,0.0,0.0,
4241434fd1862869b77f1f3e22045291,64.69279042351093,67.56563708960715,44.33322151878177,79.98167990991928,387.9027300664131,348.3834292411928,206.78930876738883,651.6195317549801,7.2
424b371bdd4ffa24231ba0638e725d24,28.906514864121384,29.115062621558494,20.914210853773376,33.81241042950495,142.65351096899587,135.37876344011565,76.18967059303306,214.70104601663695,10.9
43c51ca648226149a64d64cec89712eb,7.71209576052146,7.672231903016151,6.6447158755388065,9.160943048348852,20.790581863666237,19.025777721965916,12.880669681432787,44.57198641170653,26.4
442c30be6d733e814a37cb9cebb9b15a,18.652000960683253,18.532146075633793,13.322843703648878,21.97162196403684,226.44321906821074,206.57981858844767,119.782323900188,422.15705688532375,9.3
44526ca6f359c464df4590a567301570,0.0,0.0,0.0,0.0,0.0,0.0,0.0,0.0,
44b2bb9651b84a6640ee9cec8fc573ee,6.501332571272931,6.420272911051554,5.4440653453538035,7.695059523060995,27.03595210476998,26.513776377307515,16.555247146372785,43.15765399583618,16.3
45307e922796c3f2729f9c8a0329c505,6.529313304123371,6.537853385274987,5.967972334650765,7.097821102757296,20.99162139263917,18.749237022277676,13.482446317143896,34.34701426954969,5.4
4543c6c76f3e160c48ed499b63dbe98b,0.0,0.0,0.0,0.0,0.0,0.0,0.0,0.0,
4571b100370d786862db8e03e3e38e5a,19.895645495527965,20.1199880730957,12.087636478016309,30.439790035026068,324.77832451881744,319.0607468956703,171.50790641984761,458.76848079868313,11.1
46171066a30a051265d496e712652f72,5.838292384774917,5.831720258259809,5.432169966006339,6.67806059035262,12.951863843311004,11.594622117727038,9.377287402974558,26.339204260780242,20.8
46550c38b627c998ab6f0d605bf31dc4,5.480376817063875,5.48265005684693,4.906829813630749,6.296438681064565,22.199297011963697,20.890379786865708,14.157531628417967,35.37722288302748,26.5
4727e67a56d9b67254b23f3a8ce3c7d9,39.69573804333121,37.98006203962697,33.29448240077712,46.51467149616316,208.57046262679134,170.51995012840496,109.77234455112205,416.01743534953846,10.0
475478c7c1fccdf3964226610102477a,7.451087946683784,7.318668186237929,6.797985369862611,8.507285318129485,45.95053764000599,43.81352025564204,26.183487493926105,69.33367427417396,4.1
4798646dea982d4c5c1bf236d3eba664,0.0,0.0,0.0,0.0,0.0,0.0,0.0,0.0,
47ccb5294edaaab625cf4cdf2a8d346a,6.066689132328356,6.025150945350949,5.518688373041821,7.165399518160666,117.97794227171526,117.81425517078615,63.31358074896736,173.6092076355655,4.7
47e2501363b3d10bb6826cd7d1bed6e0,15.74368305104066,16.092355487671895,11.264476184840534,19.12680250689021,21.03303833808654,16.56815427311369,12.156617068191144,53.82792369523134,47.4
48839eaaa0199c0402291354e02011f4,11.542394415679274,11.616193988057642,8.648357686220917,14.05721064369369,10.579140544968324,9.122904878354019,7.006954943250823,24.943351526498684,32.8
499b92fb231235d07f2047cdc97bb6e1,57.48461339861377,55.377796685565514,38.216632325938306,69.1300416548038,138.3379079422234,117.94024474221352,66.7977370232998,256.6689031203239,13.0
49ae3723488d7438951a38623e047df9,13.966349622642351,14.093896600379704,11.3353666598226,16.272225571139128,7.20074303976929,6.638492671750359,4.814538352855798,11.817950849955803,58.0
4ab7f167648fa3e819dbf39268c97ab4,0.0,0.0,0.0,0.0,0.0,0.0,0.0,0.0,
4af252084139ab2c2246bb5025f1e75a,35.17349944359171,35.925477159429335,20.658861718770222,41.70353512993649,167.39344412262642,164.418704252865,86.66886552169758,260.28756131252607,13.0
4b3b8c7d50e0417709d3ec24b9dfd6e5,30.282373643783696,27.57372135127406,15.830523726014906,48.856073733749255,182.68067085314692,156.66952846326882,94.92691502367417,324.02361773339413,10.6
4b76064cbaace6d48f1c5953b4eaad16,4.38696151060563,4.339885005311037,3.8341211148773464,5.070240090522486,63.175508593018975,62.674984885437574,36.555727844508134,94.48307089335907,8.9
4c9a263ac1b30223bc1512f7582a8431,10.90981994351448,10.623912909591407,9.296491082069261,14.311220266089448,14.146384741213335,12.143809683109327,8.612830657491164,31.40683903557108,41.9
4d6ce2e32bfdd278161f85731a7e05f8,5.874812956626393,5.790481916673654,5.4793618883283335,6.426338290552002,34.21604556718661,27.94941010068866,20.197360816484814,69.10526228604743,12.8
4d77a925c23bfe011453dfb08c978d2f,0.0,0.0,0.0,0.0,0.0,0.0,0.0,0.0,
4db4d46025c891a84b33f836f6547981,25.201159815717283,24.092560549994957,20.398012646746526,30.11969803185111,4.144059664538126,4.026670040471799,3.6502400966681408,5.002651914535144,50.0
4e29304383706ddf0bce27b8017c0b47,7.800583915263121,7.727535452244752,7.131679493837825,8.894353216179708,18.763806285989542,16.050541178288164,12.143655348174274,34.21874823740233,18.2
4f8fa5005a9489c2df79b075234c0641,6.302257530336056,6.159657754997979,4.911608923443686,7.963086556732632,15.161496029076332,13.521885666012235,9.632899311263065,33.441372591322555,69.8
4ff60c99c89001658c5c42a68b99cc81,6.534424328520421,6.511832095212756,6.351293330042494,6.718933295954144,39.04896060808257,40.326171482249904,23.21549135940289,51.24832955664819,7.5
5077f937d288284f83d9f260fa94087b,29.333342107738694,30.062295517686376,12.63031808102664,47.0311907939984,128.11983101363012,98.73714517880272,66.69755962414666,231.48191455601236,13.0
514e929c74efebdc2a189134718b114d,11.468603920941815,11.575659484414055,9.837518208390895,14.736794834290508,8.981738451505656,7.6537666989000215,5.8848646624528955,21.726947781938705,113.8
51b6b9303fa256ba32a707a01ad748c6,5.519906931363259,5.45906684893597,4.842731308768677,6.542634684420012,27.348326405226096,25.624437845351686,16.42075477707234,46.28991046838968,23.5
53514b4c4150ad897d82dd7d42cfc1a5,0.0,0.0,0.0,0.0,0.0,0.0,0.0,0.0,
53d31e6bc4d35119251f0d39656ba6e5,0.0,0.0,0.0,0.0,0.0,0.0,0.0,0.0,
554a2de66befa7e154c61a60e37050cc,6.681058228853247,6.675202390558371,5.5270634949673685,8.253298074331516,27.682168349089928,25.69679681593422,16.726415124727094,52.56894967997965,19.5
555b49fec1831920e4472971ede1a24c,6.038899672236572,5.921081515459979,5.375459690228377,7.088363707537088,31.902237055568424,29.569190712423932,19.34738204149131,51.14265897068187,14.7
55f2b20ebe954493b876a5b2e6bc10bd,0.0,0.0,0.0,0.0,0.0,0.0,0.0,0.0,
566ad7b94ecab71c671db3a0428bfd9b,9.472029686222093,9.18881675166632,8.143771498289913,12.382505454891872,30.674185192934537,25.420965161588576,16.768580879317565,62.436711577395116,15.4
56c22d489907b380de190c17945e28d1,6.571179794036814,6.475931784168255,6.28543758953592,7.110538992720841,12.996500770701804,13.348242170106166,9.456298283507676,15.06231957288268,14.6
56d11d8c56c1f83305f6ba18a95a9e89,5.353000018865218,5.349567514057482,4.083237436921344,6.628026038054541,19.049074463176456,16.28299441627449,12.219679901032091,45.592915516569036,29.7
57e819bddc72cc7217ac440272d1ad8a,6.291345391536739,6.447699032745804,4.217515899861839,7.594948637816526,11.10664874132429,9.506260918484362,7.4926639560609125,28.86522662909116,60.3
5802df19871a6aed48dc19bf9ce69046,6.107420604888321,5.926896255396108,5.151209484619949,7.160813960123434,10.883698351213758,10.581828072330008,8.150165092839037,18.79,15.7
58b487691391d69d0ffb306be3fb69d0,11.741920277653078,11.732894503432018,10.439099145315842,13.699889867242675,72.83294688585883,65.65584507379648,39.95577017489702,119.82834675332839,7.2
5a1a4d2b9e281e1c587b0395b39c01af,31.59883151809108,31.362145565997732,17.95581086734942,49.232701477386385,194.5225137249427,156.3166376939509,102.5834445559346,415.53398237582013,12.1
5a4202dcf17adc169ba49fb8dcd29072,5.346924915725663,5.304590134703525,4.7944762092970015,6.397553450702877,11.006531892212033,10.945042514367444,8.508178345092176,13.755318747197835,15.1
5a6f924f9bac7b13d44b26d9a2927bf4,6.030183841583827,5.925460521311963,5.816236656630668,6.749449318317186,23.575723633426076,22.91041681069757,14.424039473692837,34.73678521711938,4.1
5abef909aa98710f88f4da20442fec33,0.0,0.0,0.0,0.0,0.0,0.0,0.0,0.0,
5b12ff601bed87c192f8cbe5df6da67e,42.01250094769245,44.2628836586499,27.63044273443743,50.39702387447141,166.1700298506263,182.65925546699134,88.1410267846117,214.91060597813825,12.0
5b4d9d5370aa726557eb12485d95e741,6.873609084310968,6.921228869907651,4.8596999228099005,8.724935688560935,20.816009364015148,19.54485585843853,12.27551134800363,38.93305181899868,43.4
5be4c08bfeaf0956d6ca9a752817fa77,7.9558606206677425,8.00410347662743,7.0935078755164165,9.08931497922779,35.86378160207498,33.98614561667408,20.79080608750986,56.76966195080374,10.7
5c2ab8d7b3c0662c9fb78a19f383bdac,4.191861627051497,4.060478811728315,3.8759245347402467,4.898623360870324,49.60950992335746,50.191257621803445,27.8421142085604,75.76217958739362,14.5
5e69778b215abaac60b5a9f15673a8f8,78.72315301314077,77.06277620906862,54.087855112178595,95.02706108191126,246.62715566661205,201.16041026105881,124.91782549585915,490.98189139146155,10.2
5e9acdaaa6807b94f19cec5f8699225a,4.24923062742317,4.378493110475915,3.0782220400070774,4.96207550444076,20.90561004991017,19.522785966185182,12.725903060617702,42.93378478916367,33.0
5fcdb7a8e9a31fd603ad3e5fac59d0db,9.625066798334075,9.699694044428966,7.424017211073912,12.056485334456706,13.117077379173278,10.869683281290357,7.231402288278921,33.605543371002376,34.5
62848edc2daf57b827ae51885b02fc9d,14.117842525915723,14.513055596939633,8.202777113335529,23.46093814831166,57.3498548495313,51.96809095743176,32.071212482467025,86.23689466517544,12.4
636baa4564c601ce57aedbec27abee69,3.870421079872377,3.821161110403442,3.766287461249942,4.289222638673271,322.2453591047295,312.2082320921305,173.82655183305934,478.2715878631174,6.0
63a6425b721661ef47d4b16a7c805681,10.047871917403215,10.09936328176036,8.897482871471167,11.059226608569123,57.50217103474223,53.15105323328055,31.41887329391764,105.89516523969394,11.1
6402efb39ac4022dd5e1f2fc002338cf,0.0,0.0,0.0,0.0,0.0,0.0,0.0,0.0,
644c2322bf8c1ecbce7e578eb81fa842,7.175806630839585,7.166430133290359,6.743221285036518,7.827981101412272,34.7109271868406,31.211294846183733,20.757475744096826,59.27269744858887,7.1
649b6e3b1027039b172121a1ab21b369,5.50469882202621,5.608667640175242,4.286876201035268,6.969234382419254,10.978473551254163,9.950112353903776,7.715362054440354,23.854394229707093,68.8
657deb87b0f725e01ce3f558beb05ce6,12.67209596709503,12.585789209352273,9.981619057229723,14.83700203475538,7.917344588187893,6.964891217203943,5.395911432936979,24.715619043461693,224.3
66efd7092e41e3cca60e489ce00f7175,9.161461029309669,9.176505785309685,8.959,9.367840809871177,6.3947454997581925,6.395180463122175,6.098265243214394,6.782330932325752,8.2
6704523bf862da89ab9f89e85469bd35,13.034554386255127,12.876820850419683,12.009483098011287,14.28371514128303,34.65221332025051,28.645553161275046,19.992113038298186,69.14746394809943,9.4
6874f2a16d39d2d02358a616e3b9661e,11.583296048349132,11.417117820716204,10.039988779615951,14.322556798782328,18.84917295852082,17.666104955540693,10.97753785996255,34.00268064326997,26.7
68a7b98a35fac011108c1cd70ee49ed3,0.0,0.0,0.0,0.0,0.0,0.0,0.0,0.0,
68d84139c0c884fde6b803f8b3eca712,0.0,0.0,0.0,0.0,0.0,0.0,0.0,0.0,
692623ac3019b57029b5fc7bb87c549e,7.114291431342049,7.0128520414812225,5.3931692594067,9.00146032300472,10.24714065312913,9.038942688168886,7.022737846240325,21.12152332980172,63.1
69706f7b527e7a8a9d9cb45558c707cb,5.816348094856029,5.749927167056686,5.20434056273443,6.6735297411357495,22.658445230931857,22.205529747997698,14.085783433559843,40.41353576959148,23.0
699fe16640ad6f66d37d491a38bf4623,12.14096754932007,12.156240323952701,11.581624254726343,12.744339839116357,35.784554838309724,34.28426597388756,21.24928506985359,54.797742701316594,4.2
6a6a8e953aa5c1112963bc0cb8e15835,4.5405510361057795,4.457923554472563,3.8629145446540956,5.780831919608527,40.80851840858173,38.277161923029404,23.401709313913937,70.86690276679153,16.3
6b68ae1be719488f259414bcb925ce37,5.079552078281947,4.98654232410523,4.640762787020055,5.918483174445472,99.88384344723357,88.72129402993248,54.28668159509265,196.91314843127554,13.8
6c44e6ac684f51a3e38dcc6b7943c0cf,10.846825108272709,10.385096852514383,9.15498548335897,14.385514993403227,108.94550781025204,115.78196187917064,58.0718820468324,157.40261084747593,5.8
6c978b006d3cf5265f3b795d2f234e86,4.479140726509019,4.445248927309713,3.933980735568393,5.200961503192754,36.056540267893695,38.549302154013446,21.32927511128671,47.49608183500944,6.6
6cfbad31c5f32c61c59b03a916c00093,4.979415830763878,5.001348254456611,4.109875013461466,5.886903090413844,24.310468645857302,22.40532467269939,14.448605405819379,38.70564500722011,17.5
6d1f658f9260f4bbe3b92dda341aa96b,4.459690513587582,4.413997855802189,4.133978289794055,4.918143845492241,177.86325533823558,182.1764777154109,93.54205763972314,264.39640535652217,5.8
6d5487bc432c3a0c0f284d0cff23fedf,33.0556517717109,32.885899606822385,24.818138047749255,38.10012588187196,192.34509613398995,179.96465826013323,101.1272931747318,311.72189427357847,13.2
6e853fc88aa5151c789e390a5d501499,0.0,0.0,0.0,0.0,0.0,0.0,0.0,0.0,
6f038f67f66cea8b67219ecfe4f31f07,8.071353826532603,8.263968058641328,5.606847319153473,9.395421275305747,8.20653143752701,7.543857504789095,5.7465664569705295,19.07035956347905,146.0
6f45aa04eb1d30b39e61496f1f1be4f9,7.803505501885667,7.841610133862104,7.113595896863739,9.26890479654256,27.64845315972114,26.20641518328914,16.73471900144916,49.57710440179305,17.7
6f6ccc0c3899cd74085a6fec755bf1e2,8.366394828118985,8.365037402798134,7.420674034047248,10.066057522601776,22.854538050841487,21.476010451726843,14.479102677076726,38.313118599904946,18.0
6fc687f2a2ff67f883027b20cfbd9250,5.6038428174013095,5.6605956177005385,4.832282327310953,6.5305398888183985,25.043953011246423,23.912720110055005,16.034111573359056,54.23984807472414,30.4
6fd3afa248f4bfff03302172d277211c,6.828275779551637,6.889755224097701,5.654509038128656,8.001484229995576,14.927308880483995,13.33748502676561,9.670245709783325,29.912286882339732,51.2
6feafe3b26a5897dfcc35d6cac079918,5.4611717805054125,5.529820715963982,3.9999735732797452,6.334941807609881,8.220749246283477,7.42923066212083,6.423354214627566,13.940767823462803,67.2
70c754d2943637baa38189b115c12c30,6.839123603497773,6.911721633938896,5.218483331960789,7.905065999083148,6.4735118183861875,6.436121119290194,5.0338950089223795,8.647994717429832,122.4
713338d96748328da09a21d8aabec368,7.1253055588874075,7.128369191794034,5.735540769442278,8.405314634618378,21.017182920516866,19.31541820740181,13.592157063174312,43.24406465000836,59.7
715dd12a0970650cfba3447dad61afe1,0.0,0.0,0.0,0.0,0.0,0.0,0.0,0.0,
722e35e0a0013ae27c95bb176e71ac51,8.20954035701433,6.842596737833559,3.279915163592523,18.193962702185733,29.21397815940479,28.916183698757262,17.131425480451856,42.68410225174327,24.1
73628a074811b6524add8e5db22bf311,5.29799504622365,5.278380915789069,4.462825352188592,6.530125352505113,17.59497247178939,15.310138834311246,11.375045139629826,37.211970549817266,57.4
741de50e542ce6ecf34d9f927bc01025,9.851197275111673,9.743110129149677,7.852922220200133,12.287022233828406,14.725805867123979,12.104081645392599,9.452250298689343,44.986009850308484,40.9
74479e41a4d58036f0c788f22d26f49b,4.621965602466071,4.5864295539891655,3.56059189551573,6.073498219271116,33.31217420062026,33.047219717834395,20.290142163365427,53.81697291437842,19.7
744b75db1f4f30b28579246cfed2cd5b,12.094600218120455,12.032676586195716,11.031000012009917,14.190765243006052,56.292769887640404,51.02828349403528,32.05997707543251,104.70901249260757,7.4
746b3e0604dcb2d11ffb73331506ac2a,72.31000072430787,73.38605150155057,39.3354612749981,86.02566053909332,119.34877977864872,111.1530792672778,48.371716557761445,207.43119289334354,12.8
74847140da9cedde0dfa2fc40e6d6c74,17.42336924146013,18.169139233652423,10.094436597317122,28.73715554209647,162.49843711714158,144.96789774759645,85.94363671609648,270.1784805799832,12.5
749bec5329ae4975b962a3b76c021abc,5.526134141940527,5.607490263403127,4.514942727593694,6.21515290603895,7.098929248349017,6.5904228054774165,5.510235628644847,12.222550803205543,57.7
753e57acaa765da4b9fd44a612a30b4b,4.518707994657805,4.4722542864863,4.43460716649952,4.792782029647769,77.51687996522338,75.0405354485605,42.48642964801987,120.76633031663029,3.9
754a1d0ef26c694859db328ec60d23e9,5.226759994403381,5.017596774537127,4.529816183036371,6.65026617250237,46.46749623075147,44.76377819112241,26.375241288994797,71.29893800084496,23.2
7565119f6142aa263323b8db406ee634,12.004340030228615,12.192817746327776,9.469213677513414,14.169545231713165,17.055496033826394,15.258646994663817,11.013897733653199,28.528738362848976,27.0
75775ea5f538c99d1fb5f46b383cd08a,5.385954551108618,5.257148043843158,4.787550495423741,6.394061888390697,12.528335759822472,12.126997057073858,8.938575727526729,20.67316358185755,18.2
76dcc4e7fe57e66c4347c2617ec043c7,4.818489441472329,4.7663532909850685,4.450767787694178,5.266421685463632,61.97549253774325,60.12704002617803,34.18731930271848,92.36788986763176,4.5
7709ba31a07079eb99c9a6e603a7f955,0.0,0.0,0.0,0.0,0.0,0.0,0.0,0.0,
791bbcb4c0ba6e5ca5c03f0e53e0b336,7.643018629914654,7.426253376546145,7.284324845596332,8.949605895886627,78.18548583819434,79.23461395170804,41.49139589869343,111.31360065259378,4.9
7933616f292814cd85aa85d48eba6e5e,12.225289413566777,12.126914621997342,11.561040288163554,13.935781685339645,25.98648062792669,23.542028522051737,15.885423914311465,47.182190307469824,17.1
798dfaf310560d3b3ccb245668d82f22,4.541185355938491,4.503684082723649,4.183568133797284,5.169411386069631,489.00403793480285,487.4225484357509,257.8376591785285,731.6220759025364,4.4
79a0073a4e5f43f078ea0f37287068e6,36.9853797087014,37.70863037583155,25.857003493070813,43.904619817529394,48.66021683092371,52.96112569105218,23.52211521368599,62.43676944799068,15.1
7a253850cb4d1309b91fe9316f5a1ed8,5.630723531077519,5.635665472324577,4.4768214399247706,6.589895779454574,14.824695610407556,12.90770127533543,9.681026716244817,29.264871417691406,42.3
7a959be39973208db7ae26ddea82fb8a,11.104011073146248,11.199981486462327,9.019805659963072,13.30494617294161,8.189693841326626,7.581508312374649,5.604943093160771,15.894892380640298,63.1
7c6276df1588086d2817d6fc14b98edd,0.0,0.0,0.0,0.0,0.0,0.0,0.0,0.0,
7d7556704c857b8866e9739ec46a4ce0,7.093985392149873,6.965156536844142,6.2464652601588755,8.486359712938606,30.082119081682865,29.690840999986055,18.153535199494776,59.974569614942496,26.3
7dc22c85497efc0834a681b9b7f59577,5.416132079731351,5.242986816380257,4.600625028852668,6.92849826929668,16.701101343491448,14.900413371519418,10.436026507844113,29.457439917031117,13.3
7de14f10c3041dc26bde644d77116518,0.0,0.0,0.0,0.0,0.0,0.0,0.0,0.0,
7fbb796cc42d6e00c140078bacbdf42d,3.6384140013162125,3.5197127238407826,2.770066918912591,4.50802257558012,19.182233001818435,16.00543266888808,12.4121508454837,42.17813765015984,25.4
80d6bd4ef8b47a3dfd43d5623a081e76,5.772042039234938,5.850588733512598,5.275017128578459,6.2585562889788635,11.073454677155251,10.483665732862077,8.151196549135935,17.500212767648954,20.2
80e7e02703c102858eabdc9fe3b9bd17,5.424813876158181,5.385005062955566,5.287970994469997,5.9249622263208215,34.63280764656781,32.985300886884296,20.539560958129407,51.470473983901336,4.1
817ce937b35e0936a9ffc1cfbdb4b700,10.284704904738103,10.299793525412563,8.538975207089548,12.910538457293205,67.64949217968389,59.60072603852753,37.54255458184475,121.09183055783052,16.3
81b03b50b749c7fb9d88243d2d420205,7.572286804981142,7.692004978374871,6.196751292637594,9.197864502180055,9.620474512166778,8.661524942542737,7.088159587287406,18.943553051410163,48.5
82caef031d483d87aa06ab8833f6d1e2,7.794863249203527,7.911473314257384,6.86938167721942,8.370012907477216,13.439392551217802,11.714590192636678,8.891978020467015,25.17166536217873,28.4
844fd517dcc64c8097157bafef273884,12.162969008410554,12.16686754539146,10.68738522963434,13.434247095041304,22.97226041971387,18.803549755722624,13.956767407969235,56.02659670364144,29.5
84bb8989077a42475e6eda737c24b084,7.494413986463539,7.410845556092293,7.179583470719382,8.079822186982515,26.59073782235413,26.557344075916962,17.000171602012102,36.46450805176361,3.3
84ffc9e3db5a6d42a0fdacf0a5114e41,6.295425312967062,6.206547841522793,5.779506618354939,7.073101998332095,8.753093111992213,8.454019232037357,6.767529949148329,11.325242322982092,3.8
8624e651d8181e8464edc668a29973f8,5.55293384092063,5.590788393285203,5.2265102993975425,5.820641762380713,17.898371174152327,16.928511390107474,11.664274171697134,28.176330760500424,9.6
8638cf7ef5d7bab8114fc5b55d57f8cf,3.974070941101288,3.9450567771708496,3.6346473947800115,4.468978900649789,243.14274564693258,237.25347545829834,127.06262479467334,381.2260414949591,3.9
8691aa2a0555c8ecf7a7dc5cb59da057,5.074083895933492,5.108196035874273,4.149899781969678,6.007506174521681,29.446598342236513,27.47791223637156,17.682400351728486,57.02575163598696,14.5
86d369905963a6b3000df6ac750f9744,13.635181424376878,11.968686331913043,4.061453047454604,25.355763739464717,25.844238688441784,25.175672379873955,10.547427034381005,38.02993612408294,15.5
87514140e906262a7fac29adac51d64d,9.632408712297963,9.661069294514675,7.775169174468593,12.161210399805146,13.156327714022538,10.307136261289918,7.248773958098564,34.785363911658315,52.5
87e251bd6ca326330c6dcf168adf5f4c,5.920824398762206,6.143824204784549,4.317912950495014,6.857258693456894,12.000213208394527,10.623607891481079,8.350449644740696,20.491374300551296,68.4
8874679b76d4203e697bec7d597d9c90,6.191498903440729,6.170157845305925,5.156142057856218,8.614789412965322,12.103152557826622,12.3270117654145,7.962558387048566,19.029757290323406,43.3
887d2c82cde2f458d2d6f44f9f38e26d,11.757565431081066,11.483222081635622,9.491372053567629,14.97414439928935,15.370745157689065,14.959173304634504,9.405593415312964,27.761635572497394,45.8
88dbbec59f45a40162699d51777cee2c,4.633253133651814,4.565274981644735,4.037424749405343,5.388975875467771,22.698880995041343,20.23336414047155,13.575520199905045,49.00480471379047,32.2
8967db4f55873c5e8720576ad5c9af21,10.227729360068212,10.138810143363951,8.79565170657777,14.035044365841587,36.71191880165641,27.870407622808642,20.692659597832204,81.05227752655114,14.0
897268660bdb9f7de7311b8610eb7a4b,12.305262563028096,10.847899838549399,6.417359169839617,22.919674964105617,174.09113052503992,179.03160414005305,92.99178837125703,239.03563070278864,14.6
89d8a6befb17f42494a91173c84446bd,4.516592317612603,4.4809498719409415,3.343275451501495,6.4413510036319614,19.46053932346918,18.15715196780953,12.761821939026882,40.5189595676783,51.1
8a1bb504879b7da32b431048b69dde1e,0.0,0.0,0.0,0.0,0.0,0.0,0.0,0.0,
8a90dcb909888eee434ee9c7692b8ac6,13.23220085588573,13.371238180547671,12.006512476871054,14.958139698605189,27.09492882784653,24.421926425111657,16.27679033567426,54.21617736831315,23.0
8b6c2950e9411bab171d55c1c800845c,4.715404362776346,4.702369603248919,4.2749357816030145,5.353843894299651,79.34806040587719,78.28458031895423,43.88967080065401,114.08984783035923,4.1
8c9796b3803d75e5b8db203524b53c7b,8.611269711417,8.245912569406602,7.485173597439527,11.408181789485953,3.539012681940377,3.5011209215765446,2.9442391634508445,4.994524940380425,182.3
8cba2420cb3bf133aecdbcc967c3f628,0.0,0.0,0.0,0.0,0.0,0.0,0.0,0.0,
8cc22bc581368175b382bda96ee88d72,9.882082906676908,9.914859351437359,8.028607461844224,12.152406817757823,27.95130013844809,24.955511876347156,16.145718165275643,58.36780724614076,14.5
8d2f1071fd97ab3f403e8ce847f4d43c,6.542404489039735,6.55110362598683,6.477162565717354,6.626094726214899,6.155004084282409,6.222251412954178,5.9251686729193,6.271351910710887,1.3
8d67775bcec7622c89b920ca2ef3a481,14.240497376450628,14.571617417862168,4.692947614107668,23.176607261859875,42.29335219026401,35.509156479316864,22.877144736284123,67.67757323370394,15.3
8d91d5f562643804e531e9ebc0c38671,38.32440330366636,40.887352859025384,27.324225784090277,45.08959221580097,143.09574726945047,154.28744469976218,78.41144757675794,181.8826763536859,12.3
8efb4a39dfc57f8d8e4b537b11d0686a,4.364095211407973,4.2521367912892325,4.049784469434403,5.37145548128082,37.762506553923615,36.36817076018162,21.652202934838922,66.67553084014367,11.1
8f3131afe66d3266c23142786786b265,9.398337991279522,9.320623228197256,8.879982297890068,10.680412709218395,16.09457523752086,14.802685315738156,10.86900840133637,23.960082721761793,9.6
903fa3e3596caffef6481645d46a0dc3,26.922676681591494,28.190053889011647,14.713857007323954,39.888996347030464,147.35711212748933,137.6919264515903,79.26209733808678,221.3713924480653,12.3
93975028fa56d84f53887b672cc1256b,5.421950921804337,5.41428811337136,5.093596287301661,5.928482601101536,29.78448188358573,23.61338297105042,17.90170896380275,58.08021719585309,7.7
93fe6fe98c9e803d3e734ecc836d700c,9.652152905280515,9.738995980340682,8.930179202718913,10.007585721838343,7.732901757432676,7.503196663586502,6.969853165851896,9.732618901914664,8.0
945b20e6368a6a286569ea4f46d4391f,5.928009566764438,5.981661154117434,5.00617127657249,6.577608609924028,11.113249296291212,10.53161812643809,8.04626526020321,18.86394364649342,94.0
9582e8a76f32ca56b349ce17dbe9b32c,6.309737342109079,6.390080899602517,4.935223581264827,8.077854922144516,18.74394852921593,17.29634203791547,11.81229530000515,33.20258003175416,31.1
969954a442289113b96dffb79f4c99c4,7.915090379492481,7.803762129130186,7.195663887813898,9.131943727546636,41.54104408876095,40.42626102920593,24.55295970044969,83.80546136876342,26.5
97a140dfc00b5c77c8747261cdff8579,6.180548309615984,5.987920311254596,5.4484719367842045,7.421944757034609,39.205911289094566,30.452445167119166,22.46537021893504,95.94560971919606,23.3
9adecd0aecacb7b08baabac0c9d2f811,45.9831681505956,47.12554680657065,23.356525589313794,57.83617431919518,256.6542492374975,258.82415524036554,133.97612556314184,402.1849373789599,12.1
9bdd9229dbb58ac4de5587b1998685c5,6.36008283336879,6.270375072477772,5.3607938982291214,7.595412820939596,34.70201309980051,33.96318775761935,20.819881854137723,67.81629964168935,34.6
9bec549ed3787eeae80c36ac5adb13d0,4.92125436464022,4.770388969548597,4.187914863068207,6.578975190163708,18.710785354580256,16.54031475958463,12.209028401017672,34.111412857970876,41.5
9d51046a3937bb92f09e7b051a3f8d72,6.841114152678691,6.830884960034963,6.35616810502339,7.552156034887325,5.526353594476121,5.389190092768569,4.721653391684295,6.719718969624477,25.8
9d9c447a3f4544b56c9589367168e335,8.693911098138667,8.82039284480623,6.51116338410812,10.088576297741936,7.487457793667471,6.766635832543742,5.620300705609354,14.452199660577813,61.4
9e9361ee4a678722163f069a51a8f799,5.544582562814159,5.472999564740117,4.290302814140481,6.78014850373895,10.055033484540804,8.79992521399124,7.2421288672194475,19.10891586585869,46.9
9f6d16dfa89c9b2868216f2e2f5be3e2,4.868161896407597,4.8126414644657345,4.000280086491321,5.9497753592289335,19.97883905288063,19.363141779150766,12.202825899989849,33.22283328867564,15.5
9fbbd7319dfed581547d25f664ea0b38,33.85442837593264,33.85288711854096,26.482364539499127,39.25224449053051,101.92817928120269,101.95752646646328,52.558569360131415,147.64795322074872,13.7
9ffda40f559d378c855f7bb542eb7cf0,13.146378106206068,13.102754852445171,11.138919710460186,16.334233116531017,14.66152225932171,12.565908012451004,9.542358985583308,30.389983427098176,25.8
a097f9b2f7c3f5f01443fa2ddae1b39d,8.37704910408403,8.269984161333326,4.694,10.70295052802569,13.132043029966031,11.776408817139695,7.463029162909117,27.610860972679983,64.7
a138105c787689551a0fb8bf922fc732,4.068713834615531,3.992030551640756,3.683600908508091,4.98346175433457,33.68944925588152,34.756213878705154,19.84248449824811,52.38078470933735,9.6
a1596863c1e4fcd1a7760de750d0a3ad,79.61292979822868,84.20173678268522,51.21395922218904,93.609596441259,268.139459841808,283.36874446659914,136.89519185148214,404.00484263298347,11.3
a1917c7975c40face71c0090738836d6,7.603502728047415,7.583737716104487,7.3614836427086905,7.857808210078074,5.369498421720332,5.31011172885414,5.096776993108274,5.718406011242013,2.8
a1d637c2552d4cfb99695aaef6141914,8.314436705528239,8.064577731393474,7.8273608578839005,10.045388625660992,31.83451964598941,27.247275395518656,17.87533372528979,57.920151750768014,11.4
a1d8308b2526617379f8451fec429df3,12.926939527147185,12.78763348576551,10.559208435585742,15.025384060567985,31.585122066674437,28.783343413574503,18.844613696443204,65.36888811446046,14.1
a2d46cb2c0cce62767b4cd7dacc28d1e,4.492497062350502,4.442172987269181,4.29134800543681,4.806765935092338,48.526588133847724,46.892259106593514,27.415683637454283,72.76040389846104,4.6
a2fc99d445adc1de96a7f467de2070c8,13.305386406164118,13.321217293917062,10.798445340516109,16.333956278015503,15.769578824273347,13.820144831630287,8.81250080873611,41.366960356855586,29.5
a38049275cf8e4026f9e1a9d4f0951fd,5.235981860718139,5.164005812977056,4.944948858940545,5.6782674542344465,26.955038921906247,26.171674040066033,16.83456926309601,39.186991469290795,8.2
a431c7b8e5d9f1f140ad7eced54eb109,4.777891971377671,4.96318787463696,3.7411726069641884,5.836706290886515,21.4383222614012,18.30708291352812,13.45252369037759,44.04550510378477,23.4
a446c209e8b3c06ee9460f8fbcb69c3a,4.421843544010981,4.472183434222304,3.909076383103648,4.977102849270466,49.500328394478885,47.42163370558678,28.780555104407775,70.73519913939109,7.1
a488c4cc90777cef05ceefaaaebd8aa9,22.79044792087882,22.609913979405206,12.681370686651611,33.03694159046845,164.02553903515928,162.01213283399505,86.5661490789677,275.9802123640116,20.6
a4a746375591075154a030fd6ee4cf67,3.5900879662948366,3.5354948968310067,3.4037063934939327,3.9752598906486734,185.44477019125353,185.72477884883898,98.13251493485055,265.6412134893546,7.2
a4ab7c0046095d0edaa9912a70bd9a24,6.68264922597812,6.653555081985307,6.158,7.110843642238564,7.392261998727496,7.155268494316344,6.757665439875964,8.85002175251355,10.5
a4ee245460284581dc7624d6ba85abe8,5.441797762627023,5.379583430118304,4.2699905965832405,6.667307292184413,13.60786540469555,11.842060661583357,9.166591700081572,23.2356940809675,28.4
a53f26eb5e0e71a00cadae4bad2ef671,7.414037281964325,7.136128591878279,5.854243944741805,12.680730025837057,13.54750818260686,10.74591939818719,8.375801231277146,34.41072935061595,43.6
a5eb08e9ed8b23eb403a72006e304a56,49.04691334687684,52.70907611446446,7.812276175472774,65.22684152890862,160.19063311309665,146.29647685266167,78.01019265154909,279.77671248783633,12.5
a62498cb48cfb379ba2640e8d8e12ed9,5.969943059992697,6.072688699005862,5.317344812666505,6.63201237084386,62.57657140759604,60.320300115670605,35.22646366398704,91.03047544015715,4.8
a698c289bcf07f95c14fd04a7390a4d2,27.229940655903302,27.85869124435241,15.134353463089392,33.56347576451192,158.6611787336419,152.69920348728755,83.8046481231449,244.8862753282047,11.0
a72d6b3c2476e606745f4c00ab320989,4.361167340166833,4.2775624037026905,3.493712951106766,5.9416779306396394,18.920013494184975,19.45528022956397,11.489187762294314,34.34781494596235,33.9
a72e3b2cd5678607b2847d02f1781ceb,58.109599576819534,58.96579427122026,50.90326846415161,65.65928286666318,1622.2896091892715,1585.7923385510787,827.3421974150777,2478.0999199805115,4.3
a7c167decf248cc66b42b8a374b44674,13.701718077776567,13.547302277076506,11.93843611110081,15.812808531032964,13.102752932274871,11.859311989559103,8.170149996192666,26.234013577542594,26.3
a7fc6aadd6359b5d0615805edf98eeef,7.465422967057328,7.679572496548015,5.924827381801418,9.284330807800236,22.968115038365383,23.563177887686447,14.067516550858981,38.2910595196279,20.8
aa3dc72b6f40042634a2335fc2266082,16.108899446206845,15.542441607752476,14.74343708640863,20.949799490944258,4913.735088815697,4688.577942970669,2519.497460804745,7822.975149276957,3.9
aa645f9f54a60c38ee5b16458b7e7cf2,6.177348885212581,6.089894072410825,5.742102301616449,7.09522300173325,65.186635717128,63.22817088677631,36.34331570502382,104.38447713931842,9.2
aadbd4a5c9673d229a84be2438518b97,9.957384295591549,9.932867298676697,8.572532869288388,11.727770357894885,24.858416487699042,20.323567020247577,14.729117984767866,69.95592989641543,31.0
ab6ff4bff1be25c0dd00a4844afe0cd4,4.803076367360247,4.775539810814328,4.582814964069945,5.240316545823238,125.22250005181418,122.85915952123491,68.91262551633886,184.7624780398528,4.0
abff2d79173897d9d10978b1fe40af57,9.218277415994942,9.049706739688984,8.752399191592527,10.491069452284163,357.20292721863115,378.1798971250925,184.70153468461882,499.66089502646827,5.5
ad448f651f077f51f1975bf54aa6e619,5.938422684060888,6.029375007825005,4.870705146896849,6.934975522291512,11.221856412200196,10.801140445082691,7.813067230576877,17.38554635314743,19.8
ade7c5bca6460d966b8523b72197c598,4.951643921353069,4.957578300779194,4.776477338433556,5.2188158437863565,16.722828858586684,16.359763643489444,11.667907830402946,22.539219780078867,3.8
af7bec0ca729782623f35ea73dc8f821,9.894831569932347,9.971293337212309,7.918,11.271422852170977,27.658649998120787,27.679477954973546,16.72462746240784,47.50173894712225,34.5
b096ff65fdedb9b12216e48c146ec6e3,8.326035158701899,8.310677094507325,7.341188601345967,9.775107754206413,16.269871263054483,15.206996376069064,11.019665153462526,27.726022975935226,15.1
b2183cceeb7efb74599e0ce66078e8df,6.459199127462663,6.359603088765074,5.352393017401536,8.25452299624981,9.893153170138016,8.99853402785736,6.45569152293283,19.45436951469572,60.3
b22174a22c297b66ab1e03dcae5f785d,6.82966748211406,6.935863845545846,5.5709797931101175,8.244649110115088,25.410595904712682,21.68927037434724,15.49217987526289,54.96712095642705,29.3
b23b5b7b96eaf56f7da0df8e88ce2c7d,10.821557917178675,10.827708460436906,9.275751242951939,12.114720166882103,14.809610376601698,13.064817395416107,9.959112181989006,25.60016207852443,39.2
b26c10c9db3284f12172486d76bfcb7d,32.306495987977314,33.193657959358674,18.91774296924533,37.91535292212482,156.91070387592643,158.0793247408703,83.48437872247949,237.3271100950502,13.6
b2b3b9f7aa349cb766444d66c1528242,13.035993988360625,13.155980389608102,10.57683722614015,15.080037277904898,13.838770242971886,12.066699300596191,8.182873661680688,28.06120697851812,45.7
b3ba577b74dc29690cf11505b902dade,12.73004735545745,11.78134047278896,9.945958718999755,17.874819754659743,1020.1873867235688,981.8871199853501,522.6041375442088,1589.4457388583255,5.1
b6d57684ae0376c5e3addc6697a501b1,19.55341923383125,19.047388946467578,15.656600262535216,24.193198129926326,4.347618747103607,4.2942296675961,3.714674214951089,5.1831181554629575,71.5
b7154b754e07429ace34ce12bf6ebff0,4.0924127382653035,4.073461998168394,3.8488772811270464,4.5727868014620885,185.18297682810734,183.4189875008813,97.07279070754022,269.338425329507,4.5
b8b40b772d86ab0dc642a7ead5284e72,40.796782232271774,57.56343133728134,10.104296901033893,76.44006219583417,317.3931680691255,226.0805778116043,164.3659288858518,820.7813831744813,9.7
b9e16cfb6864c2997566cc01a44d7e72,5.723722913961939,5.749633177380407,5.231618411193384,6.860026231175446,9.98065747390713,9.043554314816646,7.5930805880987595,15.335045923586566,25.4
bb9ec96bd2da119f0a268ea947c5d525,6.589705508793306,6.565543946942754,5.596558778902955,7.769228663461742,36.61031624918703,29.825313762445713,21.390512078470806,68.49702783409832,21.3
bc9fbd922bdcf71c4884f6746a35d6e3,7.338466883599909,7.244088468869073,6.272004294254978,8.734467616289571,22.265152574416085,21.983897765366695,13.68652558698959,38.820806389670636,21.7
bcbcef5e92bc7cddcddea2282aedf3a6,7.013635226130239,7.100420765418631,5.404886903815204,9.270555359381285,7.743598772282065,6.779504949085921,5.576329186688115,12.912196174085752,75.1
be967e51552c188428de0e2d0c1e7617,10.476005019110236,10.592220601592263,7.5563016903238704,13.313447616251995,40.37881864598143,36.632909338468615,23.06756762359903,95.6737185763436,14.2
beca6d9f8328b86b3687e8bf59ee016f,4.978995150896273,4.919657580547344,4.358829032129749,5.997376391455163,32.022986023037504,25.712839746703203,18.81249613440717,61.47947986840563,16.8
bf318a27376e1c5645176ec275cfa222,6.564228141153396,6.298424804840382,5.417353382079175,8.732440303669739,35.62432811260121,32.78110873516519,20.702337079723705,86.09727329292724,19.2
bf5a5241dac3e5686d049e818a4aee49,8.193944829483495,8.36972533777681,6.182535813774085,9.316847145169799,7.423492819319617,6.933167109128837,5.530878747470425,11.558057517165594,44.4
bf6c53c69618b430efe0e126acbfc77a,12.723778087261083,12.579441230088426,12.345969138770327,13.973559543757684,19.932133388604335,19.07967055404656,12.849218039108763,30.838605326400597,6.5
c00f38976f7316cab0a4af3376d2ffee,10.340975085365455,9.963345402191658,8.29231887316015,13.686357364676006,23.153006073063892,20.610003469162454,13.734134225037602,54.81335888394597,21.3
c0fcda2da08fcdcb6bafa9a6d9d7e4e7,11.4735191734726,11.44228175271882,9.642090598659863,13.700530197827472,32.85031603117763,26.18197880318018,19.47343028374815,64.4627029031949,16.0
c18679a555af99aa3cedddea0a174932,0.0,0.0,0.0,0.0,0.0,0.0,0.0,0.0,
c1e45aa4c4e7fd37dbcd247ab0302d07,10.227251903714475,10.282987575942817,9.732386052755073,10.65483141849962,7.717518103078461,7.374704260958227,6.6460013585047255,9.670043984232342,8.0
c207346c98325f81db7a23e4da078710,51.13699631541845,49.442277815820646,35.70195919102489,62.19699591738904,178.13273510642367,150.58585664695178,87.81612641585535,333.05558386183793,10.7
c26785408c8d7adcc5382fee112e3eee,10.545585777138752,10.516602666693151,8.95690241499163,13.048386412348796,68.16322971170763,57.661452223033564,37.513066890102074,123.41355408251914,21.0
c3ae8f31d2f0852dba079ae9762c1c2c,5.090450077905563,5.019370996757498,4.0159538382658155,6.593927413181236,17.73053976723216,16.625253552731653,11.380913771175495,31.37445833040424,30.3
c43a70eed6be2ca0ba61719163fcad10,0.0,0.0,0.0,0.0,0.0,0.0,0.0,0.0,
c46e6577ed8a7b5c6390dbd510532254,65.72853324822024,79.10042372168888,8.853095726581133,97.27575754992421,230.1342280205291,225.7008496436195,111.5687960502546,343.52819691630043,15.5
c4b5b89b6ef6606c466d84292030efd8,5.188963430174032,5.12955686135935,4.494323053319227,5.956896629549727,25.49555626678933,23.538687857285225,15.234485916701804,49.54842464072397,26.3
c4c023c3db25addcb85f101d47f7d823,4.134024873523043,4.09505791111174,3.77410679344138,4.574487166108986,48.38992548987415,42.323814973299264,27.197574260770793,87.20442738064105,6.4
c56e6bb1631e606b395faf8b35362bed,6.806348597744555,6.900189233113324,5.896210772737071,7.80756204157728,30.341026994043897,27.653224719824475,18.617204059965413,62.72144369289231,29.2
c57ab4d735d4d664cde2e65923f7a444,0.0,0.0,0.0,0.0,0.0,0.0,0.0,0.0,
c582fb9a885a77aaf3c29597b19f71c9,10.379,10.379,10.379,10.379,5.88,5.88,5.88,5.88,0.1
c5a7c4b92e1ee3d65032385f0326d33f,23.993523196050507,21.666051685346446,7.550836878415039,48.062821070517764,163.51401721118887,143.12924551853456,86.53823757054782,343.99474302120035,17.1
c677e7e003dee680a31ff75bfce8a6dd,4.555922878012392,4.44026331143175,3.6224987018677126,6.180555488553319,39.11576149550776,40.666831983603856,22.588677687808303,49.03723094463359,9.4
c6e8bc28c76575e4e260ecb0615cf820,5.687656798815446,5.692349470504344,4.8593077734483465,6.3270535876348095,10.147908218846117,9.588014954136536,7.648573209064584,16.41591331812332,33.2
ca61aeab3a2337a10592944e3d3c5a74,23.17856692129768,23.17392257702978,16.798269235975763,26.89387826920511,186.0763884523107,166.74524792747775,101.45773082274887,310.09265349453943,10.7
cb390f02ebff7e11c39217e334ff4ba4,7.54081769598529,7.300354668839139,6.747701723364334,9.162122373158887,35.87275780303295,31.065260233270823,21.02172305342736,67.367554815317,7.1
cb4db678d1df33abb07c246056965936,30.931057392645986,33.77462986018174,16.07620152114162,49.97476544125485,143.11496278563212,137.84503332228485,75.54799867424467,217.27539996522003,13.0
cbe36da0a4d1deebba416c2e009b9ef0,4.482410878078238,4.428231772907627,4.330363622777421,4.864979390228966,282.143062037675,283.85617947204304,147.7156500599393,401.95801484610126,4.5
cc304995be784fae36d775567bd0ee5a,12.530064812636375,12.573122749875335,10.575523762884929,15.231576787708427,10.543363349064654,10.462271796628162,7.11087674137406,14.127654274329615,31.8
cc3fecdd18ba142d01b791d6104c6ab2,8.405463864310589,8.356427990540677,8.104122887213748,8.85082111664438,74.73054696743144,61.79208791754228,42.00357484504239,131.81209577714571,6.0
cdc9f9e17f2b9cd54bf476f07e6266e1,27.96669515004581,27.949998323491293,17.36523600392989,32.883513261664284,215.00096835657635,202.35809552360845,115.79861416605357,380.09388547690725,10.9
ce2174ce2ef0a5a89fea6141051c6e39,13.091560657166662,13.040861929795458,10.7879557647456,16.56316782060239,12.19551015300851,10.529304624207496,6.796926679627436,29.10286465081982,31.6
ce2fccc335c8beb19a29ac729f441211,6.977009126569264,6.8074778276578565,6.226099053536906,8.858914439415049,92.567092420915,91.01808314420131,50.03923843804055,152.45837817271627,11.0
ce53457ef45b5f5b13d71072c862849c,13.391137217618203,12.884398131773864,12.386931113492528,14.81223580973129,63.94710907296298,61.05285195911444,35.78084924466989,96.81153550511604,4.8
ce5f36e323ed572f9e9792617d7f06d7,7.10558067099875,6.852336649223969,6.459656175309983,9.063767594272605,54.926506238316065,55.75420353341355,29.907564371656296,74.26193459754289,6.4
ceed2d69541596760b6691cf2e67051f,16.514412272928265,15.467943809238378,6.891285479832775,30.11001830963564,47.34551871204021,45.721688502864176,25.396926484244545,70.36413750721525,16.3
d147dc766cf90a35a2db9d26a82746aa,4.442832788804284,4.408746010422821,4.238802210768792,4.8657370142974585,47.47155588786411,47.85079099523454,28.15394881717976,62.029560223016034,5.3
d149ae783975661baf0dc9827d60baa4,11.64014258058198,11.487968266781072,10.719725880534511,13.96897006346381,85.02016953342412,81.81890919996317,45.72896281003277,141.66356954313136,9.6
d33af0454c15662737bdf042d95c18ad,4.989686768898017,5.0151281239166385,4.245257106598335,5.816562070500546,46.76231547255462,46.7175808169261,26.908752826267662,72.1815254291556,20.3
d36381d53629a8e2a850e63249a2e10e,4.891246001511451,4.742466689653774,4.57896823961365,5.311742831328498,170.29729802665983,164.58719828864463,90.54565452403075,263.6399062170968,4.4
d40615487908734418e61e1743fddc3c,4.953305987908369,4.841016624778932,3.915442649691143,6.0462972584397825,29.61538401798401,26.371283693873274,17.57025966768846,60.57555000333084,27.4
d4db9c9934662e024135072b7cc67d11,12.212220577392332,12.177436703102302,10.804284985920075,15.183202496376584,27.94979222756908,28.109204346331392,16.63225049401213,40.80788851516014,13.7
d545f44f15005fd41a9240244604624c,5.953496457595906,5.779166798527669,4.74665864991178,8.138562908239065,17.291989872007477,15.972507461967712,10.551965766760386,34.993522401148184,37.1
d55fa7c14dc2508fde23b0a4833b688e,28.23949269602752,32.145182979707215,6.20208226827191,40.187624917344856,131.73580623870666,126.95544772499758,69.99228581411384,205.90099993883956,13.6
d66319ad6c73028717fd6d4c911ff3ba,9.821982144028214,9.884685227280315,8.631051308165887,10.585119128611442,8.6397982572872,8.239877822975364,7.7112505254200965,11.163313459950926,6.9
d67291f03bbed5d851bda21f56c966e1,5.939909124079297,6.019249672126099,4.845158851633536,7.0657396898019575,16.555452438666272,15.638071905669355,10.827843780922318,29.977912236078268,56.6
d792a2c1d8d26880a4a8f5f294e03045,0.0,0.0,0.0,0.0,0.0,0.0,0.0,0.0,
d7e88ed014ceffe2232d9e913887c7e6,5.315793057026961,5.4873080697914585,4.176031893433744,6.295506337309638,27.029283484499818,24.52675173505952,16.101858844271295,47.36935055119656,21.6
d7f145259f0dc05d96bb41fa0183bd31,77.4931211683506,80.15563199846487,47.72497425263316,88.96485768112163,214.89018697868622,216.5592690200753,105.94968777892315,339.2747918148257,13.2
d812243839776ab7d07d6396b1d70d43,0.0,0.0,0.0,0.0,0.0,0.0,0.0,0.0,
d84a959d9176806072c1eb399d7490cf,3.4707182212055496,3.4642012314435444,2.9689962529306793,4.460618325060443,26.253129829882543,24.368203787579205,15.809764137921093,51.216781346579594,27.8
d8dd36b312f226b99e93864b6c5ed766,4.159189088248111,4.057402507876844,3.7782371018912504,4.889946923632122,225.93003456030155,227.93287523327444,118.03726698362462,312.44227886961494,6.0
d9f7dff69e85794191e06015a6086b34,52.65197115354555,52.39142376937419,39.98392068375609,62.56183027868936,185.70873960047055,163.08449693483232,92.46011603579811,336.4383293072562,10.0
da6adb51ff45fe0fc91e316bb62f0a90,5.389661952591696,5.374909226249506,4.7045644717224775,6.435384030097394,23.369681026567896,23.642575328093155,14.171705603694809,32.984879061477024,11.5
dab6b75ef087ee5a40c44d503dbd4941,10.70543640032947,10.598896440024877,9.35555156904148,12.936733614187352,36.252623204984886,35.129063445433296,20.93830157867154,55.6563292687409,11.0
dafba5fe6e87ad20085d758186cdc1cf,7.129618442380726,7.09937941996257,6.699213946905954,7.843897313429621,42.788202887964744,43.770824573800695,24.22496471761669,62.339185666467216,4.4
db036a260226479029ceb71c3bceb8bd,5.5193512722489055,5.429814206056393,4.9383532708944475,6.765829370517991,36.9860276141066,31.81245213550617,21.167077676863187,88.57889746269248,23.1
db333aa723ce8cbd7435891c8e330107,19.45408492461735,20.313507632128648,14.469962366401019,23.277853238071195,3.0993103349760456,3.0539136697205858,2.504815372546368,3.903490421734738,63.2
dd260c5e24be545a9dd8961aeb7f4fa1,7.578618384007794,7.622695953133041,6.5323552925551205,8.447157247678215,31.78758883470836,32.54146765354999,18.891983601113868,48.79173385069854,12.8
dd97cad9e4ca572c4d637c1d0797ae19,13.112863210872668,13.12517494874425,9.00798160307696,15.380502241520468,9.409585831880653,8.409427302728727,5.834075864429876,17.227559501097307,124.5
de71174cfd78c7887880fe2c31f34ba3,9.98880271325653,9.940431391416515,8.678097963332872,11.753173107106301,27.73300078347343,22.628099128369424,16.83203816356428,67.39737131321559,28.7
dfa12d05582ecbb7a792529cb70f3443,4.2001584153411935,4.197511013152106,3.777832141239854,4.955703089983148,78.55518261957155,70.75896886705232,42.948285491972285,148.58643696211695,12.0
e0b1b21139620961906e9a7881c1dbc4,5.930134642685121,5.944442861430247,5.001511362864373,7.105143366206562,23.247020769297638,18.04393766408824,13.84256540099889,48.7121196465021,25.3
e0cc3e36c7e3b1cf17d5b8abd6a2ef50,0.0,0.0,0.0,0.0,0.0,0.0,0.0,0.0,
e16d255bfa3dc11be1a2a2a136092ba7,3.7961809051573785,3.8053304975699347,3.212397375849213,4.367525581933347,49.10492453373495,46.961626181848374,27.455429441423142,112.5679555240605,29.9
e1cf877ac3b2ddec7836cf4be514a4ef,11.91405245461636,12.040007092449965,10.578549327725947,13.372511622050625,68.40502121294477,66.78616107353257,37.521679881522985,115.66816985074063,9.4
e30682674316c62c504bfc54e4fb460b,5.576874883073246,5.583566639784462,5.284153092475673,6.0246998082112295,19.216502595356395,17.49517580699086,12.427107971038394,29.75174325345943,9.5
e3522abc028d4eb088ed356cd3d2e49c,11.127690731019655,11.183203509064924,10.068466690337676,12.487266540169985,73.03075539880038,57.98310030759571,40.58009174317409,150.65235317378398,7.1
e4065cec4c7309bf698e9bb35e7410d5,5.537409414090145,5.427813065144349,4.838726070099248,6.4373788897737425,13.088002858236944,12.163665648958998,9.115461095030478,23.978833632163752,20.6
e41d698c54702398dacc3c29e880726c,8.497973806375526,8.33840049385176,6.865047082106768,10.719603173243062,11.261836459714567,10.121398365578292,7.795154332300413,22.57533270106547,48.3
e4acc30a5c0615611542c315a2fc0842,7.001620981341727,7.038935829504051,5.789200510576064,8.466668493145582,13.176628269092722,11.884439405445086,9.03308732152098,23.393973062998423,23.3
e550ef96fa9b84f3539cf3404e5c1fe8,4.914169894568663,5.111933898513251,2.6377198698062716,8.906053920060229,2570.8460250265716,2353.5442502764117,1313.7953860964622,4279.367211599234,9.9
e5c332b37ca4bc903d61ed1f2b6c843f,12.630099188467229,12.838027129141963,9.865471858375704,15.965640795537709,8.7822828677464,7.656773810248727,5.5853990903182416,26.562941088605402,134.0
e601d74a6d367d4bf0fb74216adb95b5,0.0,0.0,0.0,0.0,0.0,0.0,0.0,0.0,
e6659519eee82ee8c2536d6a0a865856,6.264388594206209,6.543177975528312,4.37097674134863,7.459349065586778,7.314526976506474,6.7180535103965235,5.530988603982312,11.031075524264716,59.8
e6eecf29cf69b376111285abda30bcd3,6.38811589179086,6.437572271417666,5.200749510775784,7.914077860497608,20.25993875835865,19.322125057118434,12.46166603762233,34.3410394031489,48.5
e7ec53ddbfc0344fd933f6a564e1a495,83.32502665549033,79.99180284089829,55.62673690765725,99.71254639335531,248.08932307978554,206.0305993232179,122.19265985061655,505.8372928527355,10.8
e845395c95fc1d74f7d62d438adc4b6a,7.410270524417303,7.422551920045676,6.099995795346847,8.644745696867465,13.52383206885457,11.333149075464613,9.026365214525125,31.51163722919507,50.7
e92de1a61c6aa6d3b28bd7e7980b6d4a,0.0,0.0,0.0,0.0,0.0,0.0,0.0,0.0,
e9ec7f9b0d4d81ad93252aff67a4924f,9.957260006843653,9.81325616081185,8.520434235765281,12.239042550133295,18.178493413157632,17.806499776244294,11.2602994111109,29.53271934205905,41.3
ea58b01a7a79e5e1367b46d41d1ce1de,10.554621347717784,10.473661129180659,9.428721832253085,12.549621233473022,37.604216875590076,36.33859267327195,21.019736345333968,59.66590633210711,7.4
ea9493fd3c5199223d222ad6bab28314,7.5150238954158075,7.361589685009617,6.70809172371924,8.953897465771549,44.52166266282332,45.33943952098696,26.387465813950527,63.21073148780064,8.7
ea9eb352e2af03f62402ac55be495feb,5.116249025543988,5.128797648998073,4.944144217300088,5.623603544674966,6.23966633757099,5.973229558114603,5.3354724346778974,7.310953004169959,10.1
eba55afd6154ccb1f102b29e55feac11,9.207193033816024,9.161494487937306,8.04964555800701,10.411924201575061,13.062404294628882,11.735662533252802,9.401267748300452,24.00452076236954,25.5
ec9e4e52b3b4d48435a0046141a6e65b,7.616341898872314,7.52264146275567,6.7231918369276,9.149191691649392,27.999482909340138,26.613108913151507,17.102940890816107,42.33006113348522,10.2
ecd199ba0e6015080633bd24e60d85cc,91.99312162772789,96.48913546778223,65.16842966104883,105.12547698805737,293.3097785381046,318.7217999753568,151.231431312351,378.2760675736414,11.2
ed9d29c6b7eb1204608e2741ead69c25,8.815485815741017,8.628549010673687,7.954439045954386,9.796249382460863,8.856299235598692,8.504287946132148,7.074240777878694,11.494999090237474,8.2
ee964ad85efbfbcc4295f3f225bcfd35,0.0,0.0,0.0,0.0,0.0,0.0,0.0,0.0,
eed5d3a5a07be904e34fcd8c899364e2,6.056513133455318,6.05221527499435,5.069597256678614,6.961541705006278,12.076627047578482,11.694157871245567,8.637708838346501,18.159123982408463,29.7
efc27bde734b6da88040a81f8bdddf24,60.162718973854766,61.28557554595159,39.44187629728487,70.53208335649788,181.13575567711217,168.71269448373573,91.38087087974587,283.57341358245134,10.9
f0f3edd24288d9d72273c3fa87ecb585,5.840114980250753,5.869894206148986,5.357317257584646,6.454087217399377,19.577405144202,16.061768063115164,12.486269731988113,40.311465267853286,17.3
f100d48d4b0b7d98cb5f17ae5dd6506c,10.89586630403418,10.666116422194644,10.466117475103744,12.551259674876684,13.631638632445648,13.740971344343539,9.101632765766626,17.14442383657684,14.5
f12abbf02962630ac4ef91e49d077333,76.39418206886172,83.98611656433337,13.221072101757414,99.05004723624663,150.1680327318386,137.22923668054815,63.17498673185244,268.89615957715057,14.4
f1697755b5131492ee34f79f0ac66474,4.89831872934934,4.873086935487722,4.087756595713491,6.630623218986936,60.35027997383931,56.43703731648837,34.51912847267159,104.39003797451485,20.7
f268ee0b6ef6badd6fbfb824f1bbabdf,65.40858066657543,65.95447632060815,60.01140525872974,70.76787770592448,400.2479928958807,383.7632031343005,205.2332364469555,632.7380406566848,4.9
f2ff1cd481a6715dab9f6b0204cb36eb,5.594030897435241,5.441409361222836,4.5244977964569,6.968859287209013,3846.2292345742358,3666.192515517729,1970.1665902696438,6575.401466705084,12.3
f312b09169c570e58aad21c79c3848d7,62.40255574805324,61.5017265638202,34.92647924886266,89.97439083667732,158.25193084465272,156.0555102926106,68.09340061306033,283.7158274531527,16.2
f345cb3d91cd58b85c6848253fe27fbd,5.8349559989417585,5.832428605887022,5.530004638260371,6.4694423740529015,80.62754586056121,76.62536635572152,44.392597508094134,123.75815497709068,4.5
f34d76c453a510a645101e756bb7916b,6.818028417996245,6.843310476710894,6.4905481407802466,7.119643346739447,767.2507332279114,733.7771735449247,391.71379602916477,1224.145560592004,3.8
f418638850d16c7342a45ab8fa52db60,5.08428238756749,5.039241148566037,4.792697436806012,5.685440743454923,287.6892407015741,278.55233475255216,157.20680266853148,506.7850263415429,11.7
f456d952af575b9a40e08ab9eef4f8f0,0.0,0.0,0.0,0.0,0.0,0.0,0.0,0.0,
f4bbc42a9a9e4d5096de8d52498f5776,16.87948814899736,14.376627470440305,7.532807060931927,31.426908068266197,153.9801595642953,149.16419979612525,81.37351037189224,264.39482847730454,20.3
f51346e945f83e8388603df41c0f6ae6,5.11834296400249,5.035913693173962,4.401291082967342,5.871104391462118,21.96941495917251,17.6013704188795,13.531042116280613,51.4288655093326,35.5
f53a2c38f34891b7e4d6abee97310b75,6.107478687777606,6.200180207558784,5.233044401439414,6.935568495862898,13.120805386544028,12.352101529800109,8.96685360367347,32.792940818076666,16.3
f6373564addf0f0061435bcae4fba3ae,5.862020362751177,5.759720288457274,5.420483074792117,6.717344905453518,105.25698959905199,99.65970688447877,56.554742087859516,167.892362759155,5.1
f63abcb03598c7026c30a5e15c5f79fe,8.0093871550513,7.911373087764536,7.362188862854318,9.117062407308977,61.81542964226916,59.94822746222838,34.48136612639179,91.19306036303952,9.1
f713408672b1a83365fa181cd48a96e0,0.0,0.0,0.0,0.0,0.0,0.0,0.0,0.0,
f71d2f4c8029d1c8dbe60be15042b81e,7.0392461145023555,6.972666966659568,6.617490450799285,7.984682375236708,46.94139500898374,44.615898383302564,26.413689777524926,71.98046613657797,9.3
f72728147bd503c136efba622dcb7a30,8.1383688720964,8.007185606843391,7.580384631807558,9.368930099717385,31.08008025578313,31.31050833913621,18.405337452169324,40.82720339421555,7.3
f8c6e6f9d7ba01543f4e76f0ec8e6256,4.9754171417182365,4.880515170111902,4.572343092979954,6.083826665180288,32.83244121754375,31.778905447081947,19.40611439303483,47.77827120659653,11.6
f9be846d0d7fd19adf0b0dcc4c7a82ff,8.918433137516558,8.466867271097966,8.062221031523743,10.360148724324505,97.43335960578825,95.05952094616048,51.933223970231225,151.36735089099182,3.7
fa5687dcaa35024568981760194e11a3,5.505059708164492,5.3553244335116945,4.947770794636634,6.512711945082213,115.43787000638989,112.61716824297152,61.626364635894305,171.664685121458,4.0
fb012029fe2af5b8e9a7c49f0f06d81f,7.0935051745980156,7.197643950261705,6.1652612543644105,8.156258657388223,22.6269569533259,19.173800092123283,14.426422970107295,40.41640559736469,22.3
fb320d5df1289157fc1374e4675323e0,5.848165517310405,5.675046540758295,4.4147510493552495,7.771027845770323,8.777653425808529,8.615353263988672,5.731885399168489,13.556320791161841,77.2
fb8de1efd55f5f174f7cd9125aaf2736,4.616565569982164,4.5808627767219745,3.8305624796298767,5.667638779333345,106.91210134886235,104.64461864631424,59.3041483258013,161.56909631673065,3.6
fc330f0bffba3e7b5a612199a98a1ce0,29.70425107806983,30.328820766376403,15.076793941924553,36.22039473931581,153.6678211148503,140.62944164105764,82.94984914866227,253.60213933269128,10.6
fc6150eb0ba46b4fa76867f2ee7aee8b,4.574089028824161,4.5626075768335514,4.0633174771916245,5.418280017692825,105.20961745286483,99.2146571324854,56.145443771601414,162.03802464297104,9.0
fc73d9d98621e750b923524cfbc4d09b,12.17130081599905,12.288255071032474,6.824272108137664,19.04593993593132,41.380853902370866,41.99342060355947,24.246604894657814,52.00234735644067,12.3
fd9cd51e3c889beb7b75704c19861bff,60.21707861384935,70.52417401028765,10.418658195101273,85.6479069866359,224.7047286378547,196.52893865886927,109.63041596268488,431.3290137559383,14.4
fe6637ba6939eaca6a8da0bf58b0d1d7,8.401193579787876,8.347848691676665,7.075985865656002,10.201313562893274,29.624857093553864,23.839681915325382,17.532627870067945,64.3689491276549,12.6
ff4b72bca181b95c5cdd7679c4dc312f,74.61040583614697,84.60082741181864,21.892393777387294,105.06248687508814,184.52625109531246,162.12375240857878,78.27060904681817,423.2181095717151,14.9
ffd9cc7c00874c392cd136ca81a0a3a0,4.959493518076394,4.950364518936226,4.093068907310233,6.207917277739811,20.10311939125115,17.835371362642572,13.045127836345845,33.55047022376113,24.7
