œÀ¿—“,”—“‹≈_X,”—“‹≈_Y,œÀ¿—“_X,œÀ¿—“_Y,¿Î¸ÚËÚÛ‰‡,well_hash
93b03192e539de336932ea455adc9ec6,3557804.7503312575,15322901.646204902,12426398.943049138,37809371.96139566,50.97,53514b4c4150ad897d82dd7d42cfc1a5
ac48576d40a88015267d1d2b4e2c134c,3557804.7503312575,15322901.646204902,12426398.943049138,37809371.96139566,50.97,53514b4c4150ad897d82dd7d42cfc1a5
b77e6ff069ae1e32a78d687b59ac7703,3557804.7503312575,15322901.646204902,12426398.943049138,37809371.96139566,50.97,53514b4c4150ad897d82dd7d42cfc1a5
ac48576d40a88015267d1d2b4e2c134c,3561734.5330016566,15322711.79333209,12433255.314392412,37812792.74895293,47.41,fe017a547ac58cc7366a60cc6bcd3915
93b03192e539de336932ea455adc9ec6,3562573.046541454,15321464.488296287,12434235.37806831,37810818.356632456,52.23,8f3131afe66d3266c23142786786b265
b77e6ff069ae1e32a78d687b59ac7703,3562573.046541454,15321464.488296287,12434235.37806831,37810818.356632456,52.23,8f3131afe66d3266c23142786786b265
ac48576d40a88015267d1d2b4e2c134c,3557829.742522522,15322693.14734844,12426359.59826242,37808929.198533066,50.97,cda627efd1549ecb72fa7931685d5aa3
93b03192e539de336932ea455adc9ec6,3557834.0918429564,15322661.5181586,12426354.614043025,37808862.57774177,50.97,3a64ba1b382ffeb0c514a4a569acff44
ac48576d40a88015267d1d2b4e2c134c,3557834.0918429564,15322661.5181586,12426354.614043025,37808862.57774177,50.97,3a64ba1b382ffeb0c514a4a569acff44
b77e6ff069ae1e32a78d687b59ac7703,3557834.0918429564,15322661.5181586,12426354.614043025,37808862.57774177,50.97,3a64ba1b382ffeb0c514a4a569acff44
93b03192e539de336932ea455adc9ec6,3561754.9205606417,15323534.388339365,12433620.446435396,37814656.050588794,50.42,d147dc766cf90a35a2db9d26a82746aa
b77e6ff069ae1e32a78d687b59ac7703,3561754.9205606417,15323534.388339365,12433620.446435396,37814656.050588794,50.42,d147dc766cf90a35a2db9d26a82746aa
ac48576d40a88015267d1d2b4e2c134c,3557836.1313351495,15322645.547814207,12426351.821165586,37808828.78603411,50.97,db9947ee0fbc7f53447ab68bca6af0a1
93b03192e539de336932ea455adc9ec6,3561741.3868048545,15323008.438059982,12433386.109386215,37813464.20618376,50.42,04d7884a9f7019671285b87ca468d0f1
ac48576d40a88015267d1d2b4e2c134c,3561741.3868048545,15323008.438059982,12433386.109386215,37813464.20618376,50.42,04d7884a9f7019671285b87ca468d0f1
b77e6ff069ae1e32a78d687b59ac7703,3561741.3868048545,15323008.438059982,12433386.109386215,37813464.20618376,50.42,04d7884a9f7019671285b87ca468d0f1
b77e6ff069ae1e32a78d687b59ac7703,3561756.567601953,15323588.98408329,12433645.198782966,37814780.00584196,50.42,820cd70e741321f99e67a46ef97a9a32
93b03192e539de336932ea455adc9ec6,3561754.4309402867,15323514.743547404,12433611.721714353,37814611.54949806,50.42,7a959be39973208db7ae26ddea82fb8a
b77e6ff069ae1e32a78d687b59ac7703,3561754.4309402867,15323514.743547404,12433611.721714353,37814611.54949806,50.42,7a959be39973208db7ae26ddea82fb8a
93b03192e539de336932ea455adc9ec6,3557846.9769466445,15322548.57626864,12426332.14952902,37808622.098169066,50.97,a1917c7975c40face71c0090738836d6
ac48576d40a88015267d1d2b4e2c134c,3557846.9769466445,15322548.57626864,12426332.14952902,37808622.098169066,50.97,a1917c7975c40face71c0090738836d6
b77e6ff069ae1e32a78d687b59ac7703,3557846.9769466445,15322548.57626864,12426332.14952902,37808622.098169066,50.97,a1917c7975c40face71c0090738836d6
93b03192e539de336932ea455adc9ec6,3561754.1943012844,15323504.521909686,12433607.21400875,37814588.41229203,50.42,6e853fc88aa5151c789e390a5d501499
b77e6ff069ae1e32a78d687b59ac7703,3561754.1943012844,15323504.521909686,12433607.21400875,37814588.41229203,50.42,6e853fc88aa5151c789e390a5d501499
93b03192e539de336932ea455adc9ec6,3561751.502582294,15323394.255451627,12433558.341757515,37814338.68244845,50.42,5a4202dcf17adc169ba49fb8dcd29072
ac48576d40a88015267d1d2b4e2c134c,3561751.502582294,15323394.255451627,12433558.341757515,37814338.68244845,50.42,5a4202dcf17adc169ba49fb8dcd29072
b77e6ff069ae1e32a78d687b59ac7703,3561751.502582294,15323394.255451627,12433558.341757515,37814338.68244845,50.42,5a4202dcf17adc169ba49fb8dcd29072
93b03192e539de336932ea455adc9ec6,3561750.126219323,15323324.272612825,12433527.90964378,37814180.511282206,50.42,e601d74a6d367d4bf0fb74216adb95b5
b77e6ff069ae1e32a78d687b59ac7703,3561750.126219323,15323324.272612825,12433527.90964378,37814180.511282206,50.42,e601d74a6d367d4bf0fb74216adb95b5
93b03192e539de336932ea455adc9ec6,3561740.8937291754,15322997.67036982,12433380.930806067,37813439.594348215,50.42,f63abcb03598c7026c30a5e15c5f79fe
ac48576d40a88015267d1d2b4e2c134c,3561740.8937291754,15322997.67036982,12433380.930806067,37813439.594348215,50.42,f63abcb03598c7026c30a5e15c5f79fe
b77e6ff069ae1e32a78d687b59ac7703,3561740.8937291754,15322997.67036982,12433380.930806067,37813439.594348215,50.42,f63abcb03598c7026c30a5e15c5f79fe
93b03192e539de336932ea455adc9ec6,3543403.5913293683,15294864.724513955,12389775.368412144,37732449.25292158,39.5,c57ab4d735d4d664cde2e65923f7a444
ac48576d40a88015267d1d2b4e2c134c,3543403.5913293683,15294864.724513955,12389775.368412144,37732449.25292158,39.5,c57ab4d735d4d664cde2e65923f7a444
93b03192e539de336932ea455adc9ec6,3561748.220416896,15323253.9940096,12433496.425218865,37814021.15915696,50.42,68a7b98a35fac011108c1cd70ee49ed3
b77e6ff069ae1e32a78d687b59ac7703,3561748.220416896,15323253.9940096,12433496.425218865,37814021.15915696,50.42,68a7b98a35fac011108c1cd70ee49ed3
93b03192e539de336932ea455adc9ec6,3561741.36700718,15323018.11364526,12433389.946217274,37813485.86876028,50.42,7de14f10c3041dc26bde644d77116518
b77e6ff069ae1e32a78d687b59ac7703,3561741.36700718,15323018.11364526,12433389.946217274,37813485.86876028,50.42,7de14f10c3041dc26bde644d77116518
93b03192e539de336932ea455adc9ec6,3561736.7094757482,15322827.446963087,12433305.433440758,37813054.04658596,50.42,376092d0125ed4345b8882d332f005c9
b77e6ff069ae1e32a78d687b59ac7703,3561736.7094757482,15322827.446963087,12433305.433440758,37813054.04658596,50.42,376092d0125ed4345b8882d332f005c9
93b03192e539de336932ea455adc9ec6,3561737.2593298717,15322857.215518964,12433318.31551443,37813121.29290349,50.42,f100d48d4b0b7d98cb5f17ae5dd6506c
b77e6ff069ae1e32a78d687b59ac7703,3561737.2593298717,15322857.215518964,12433318.31551443,37813121.29290349,50.42,f100d48d4b0b7d98cb5f17ae5dd6506c
93b03192e539de336932ea455adc9ec6,3561739.553926603,15322936.788722135,12433354.20509402,37813301.85376229,50.42,139f7e08e0ee1482519ba728cbc592a1
b77e6ff069ae1e32a78d687b59ac7703,3561739.553926603,15322936.788722135,12433354.20509402,37813301.85376229,50.42,139f7e08e0ee1482519ba728cbc592a1
93b03192e539de336932ea455adc9ec6,3546541.7897029393,15307474.070982896,12400357.035497496,37763776.92562007,51.15,80e7e02703c102858eabdc9fe3b9bd17
ac48576d40a88015267d1d2b4e2c134c,3546541.7897029393,15307474.070982896,12400357.035497496,37763776.92562007,51.15,80e7e02703c102858eabdc9fe3b9bd17
93b03192e539de336932ea455adc9ec6,3561734.7903659185,15322729.514481658,12433262.859642185,37812832.71204865,50.42,a4ab7c0046095d0edaa9912a70bd9a24
b77e6ff069ae1e32a78d687b59ac7703,3561734.7903659185,15322729.514481658,12433262.859642185,37812832.71204865,50.42,a4ab7c0046095d0edaa9912a70bd9a24
93b03192e539de336932ea455adc9ec6,3561736.3087217608,15322805.630712125,12433295.996559665,37813004.76646439,50.42,8b6c2950e9411bab171d55c1c800845c
ac48576d40a88015267d1d2b4e2c134c,3561736.3087217608,15322805.630712125,12433295.996559665,37813004.76646439,50.42,8b6c2950e9411bab171d55c1c800845c
93b03192e539de336932ea455adc9ec6,3546547.059387932,15307577.003814556,12400407.520812238,37764012.74474338,51.15,55f2b20ebe954493b876a5b2e6bc10bd
ac48576d40a88015267d1d2b4e2c134c,3546547.059387932,15307577.003814556,12400407.520812238,37764012.74474338,51.15,55f2b20ebe954493b876a5b2e6bc10bd
ac48576d40a88015267d1d2b4e2c134c,3546553.38253704,15307700.942068946,12400468.269964142,37764296.665840976,51.15,3eec5518468a51cd8052303486601247
93b03192e539de336932ea455adc9ec6,3561754.563661943,15316787.989291247,12430920.196637785,37799537.74153247,50.08,753e57acaa765da4b9fd44a612a30b4b
ac48576d40a88015267d1d2b4e2c134c,3561754.563661943,15316787.989291247,12430920.196637785,37799537.74153247,50.08,753e57acaa765da4b9fd44a612a30b4b
93b03192e539de336932ea455adc9ec6,3561804.679795549,15316844.450841267,12431031.197617078,37799713.3163995,50.08,8d2f1071fd97ab3f403e8ce847f4d43c
ac48576d40a88015267d1d2b4e2c134c,3561804.679795549,15316844.450841267,12431031.197617078,37799713.3163995,50.08,8d2f1071fd97ab3f403e8ce847f4d43c
93b03192e539de336932ea455adc9ec6,3546556.526567643,15307757.008361805,12400496.251529938,37764425.38159753,51.15,ade7c5bca6460d966b8523b72197c598
ac48576d40a88015267d1d2b4e2c134c,3546556.526567643,15307757.008361805,12400496.251529938,37764425.38159753,51.15,ade7c5bca6460d966b8523b72197c598
93b03192e539de336932ea455adc9ec6,3546543.8220164487,15307514.20527159,12400376.680629835,37763868.85137709,51.15,8624e651d8181e8464edc668a29973f8
ac48576d40a88015267d1d2b4e2c134c,3546543.8220164487,15307514.20527159,12400376.680629835,37763868.85137709,51.15,8624e651d8181e8464edc668a29973f8
93b03192e539de336932ea455adc9ec6,3546540.9243051237,15307453.29103639,12400347.19364507,37763729.51298156,51.15,38d49cedfcd1f024e56824b9a285b7e9
ac48576d40a88015267d1d2b4e2c134c,3546540.9243051237,15307453.29103639,12400347.19364507,37763729.51298156,51.15,38d49cedfcd1f024e56824b9a285b7e9
93b03192e539de336932ea455adc9ec6,3561577.8529286766,15316586.294855993,12430527.760172054,37798912.81233734,50.08,56c22d489907b380de190c17945e28d1
ac48576d40a88015267d1d2b4e2c134c,3561577.8529286766,15316586.294855993,12430527.760172054,37798912.81233734,50.08,56c22d489907b380de190c17945e28d1
93b03192e539de336932ea455adc9ec6,3561907.011877602,15316959.346518865,12431257.693100093,37800070.94163774,50.08,cb390f02ebff7e11c39217e334ff4ba4
ac48576d40a88015267d1d2b4e2c134c,3561907.011877602,15316959.346518865,12431257.693100093,37800070.94163774,50.08,cb390f02ebff7e11c39217e334ff4ba4
93b03192e539de336932ea455adc9ec6,3546537.1609126637,15307371.667358167,12400307.892520554,37763542.91966098,51.15,8cba2420cb3bf133aecdbcc967c3f628
ac48576d40a88015267d1d2b4e2c134c,3546537.1609126637,15307371.667358167,12400307.892520554,37763542.91966098,51.15,8cba2420cb3bf133aecdbcc967c3f628
93b03192e539de336932ea455adc9ec6,3558284.3253530767,15312533.225110978,12423095.940051325,37786606.815369904,49.46,9d9c447a3f4544b56c9589367168e335
ac48576d40a88015267d1d2b4e2c134c,3558284.3253530767,15312533.225110978,12423095.940051325,37786606.815369904,49.46,9d9c447a3f4544b56c9589367168e335
93b03192e539de336932ea455adc9ec6,3546543.166886964,15307503.606086338,12400371.283606747,37763844.45853483,51.15,3b33b93f93c2dd4cccadeaf9ddd9d671
ac48576d40a88015267d1d2b4e2c134c,3546543.166886964,15307503.606086338,12400371.283606747,37763844.45853483,51.15,3b33b93f93c2dd4cccadeaf9ddd9d671
93b03192e539de336932ea455adc9ec6,3546533.138585645,15307250.27552764,12400252.22110912,37763266.95672928,51.15,3fda519da8f720c7507f9817e7fed9ac
ac48576d40a88015267d1d2b4e2c134c,3546533.138585645,15307250.27552764,12400252.22110912,37763266.95672928,51.15,3fda519da8f720c7507f9817e7fed9ac
93b03192e539de336932ea455adc9ec6,3546537.527251521,15307381.849918228,12400312.613386285,37763566.09624033,51.15,80d6bd4ef8b47a3dfd43d5623a081e76
ac48576d40a88015267d1d2b4e2c134c,3546537.527251521,15307381.849918228,12400312.613386285,37763566.09624033,51.15,80d6bd4ef8b47a3dfd43d5623a081e76
93b03192e539de336932ea455adc9ec6,3558339.4761144314,15312614.633123558,12423225.804884328,37786843.22017665,49.46,5a6f924f9bac7b13d44b26d9a2927bf4
ac48576d40a88015267d1d2b4e2c134c,3558339.4761144314,15312614.633123558,12423225.804884328,37786843.22017665,49.46,5a6f924f9bac7b13d44b26d9a2927bf4
ac48576d40a88015267d1d2b4e2c134c,3558339.4761144314,15312614.633123558,12423225.804884328,37786843.22017665,49.46,5ba876bfbaa7fbe584fa97f8617dfac3
93b03192e539de336932ea455adc9ec6,3562079.277682649,15317153.608366547,12431639.314276274,37800674.86477784,50.08,268771f7620e8d46c42b72793cae0751
ac48576d40a88015267d1d2b4e2c134c,3562079.277682649,15317153.608366547,12431639.314276274,37800674.86477784,50.08,268771f7620e8d46c42b72793cae0751
93b03192e539de336932ea455adc9ec6,3546540.3822376267,15307443.130091636,12400342.17143434,37763706.21284751,51.15,b9e16cfb6864c2997566cc01a44d7e72
ac48576d40a88015267d1d2b4e2c134c,3546540.3822376267,15307443.130091636,12400342.17143434,37763706.21284751,51.15,b9e16cfb6864c2997566cc01a44d7e72
93b03192e539de336932ea455adc9ec6,3558270.3745757267,15312512.624646213,12423063.08672534,37786546.99777281,49.46,ce2fccc335c8beb19a29ac729f441211
ac48576d40a88015267d1d2b4e2c134c,3558270.3745757267,15312512.624646213,12423063.08672534,37786546.99777281,49.46,ce2fccc335c8beb19a29ac729f441211
93b03192e539de336932ea455adc9ec6,3562097.404225578,15317174.1595216,12431679.514139693,37800738.65885752,50.08,a2d46cb2c0cce62767b4cd7dacc28d1e
ac48576d40a88015267d1d2b4e2c134c,3562097.404225578,15317174.1595216,12431679.514139693,37800738.65885752,50.08,a2d46cb2c0cce62767b4cd7dacc28d1e
93b03192e539de336932ea455adc9ec6,3546544.5298643764,15307524.734781332,12400382.142769855,37763893.13968151,51.15,75775ea5f538c99d1fb5f46b383cd08a
ac48576d40a88015267d1d2b4e2c134c,3546544.5298643764,15307524.734781332,12400382.142769855,37763893.13968151,51.15,75775ea5f538c99d1fb5f46b383cd08a
93b03192e539de336932ea455adc9ec6,3546535.39150544,15307321.128287453,12400284.54762014,37763427.93521506,51.15,749bec5329ae4975b962a3b76c021abc
ac48576d40a88015267d1d2b4e2c134c,3546535.39150544,15307321.128287453,12400284.54762014,37763427.93521506,51.15,749bec5329ae4975b962a3b76c021abc
93b03192e539de336932ea455adc9ec6,3546536.902606333,15307361.94649353,12400303.54698061,37763520.88342731,51.15,744b75db1f4f30b28579246cfed2cd5b
ac48576d40a88015267d1d2b4e2c134c,3546536.902606333,15307361.94649353,12400303.54698061,37763520.88342731,51.15,744b75db1f4f30b28579246cfed2cd5b
93b03192e539de336932ea455adc9ec6,3561773.4354887214,15316809.155835062,12430961.957473168,37799603.64407025,50.08,c582fb9a885a77aaf3c29597b19f71c9
ac48576d40a88015267d1d2b4e2c134c,3561773.4354887214,15316809.155835062,12430961.957473168,37799603.64407025,50.08,c582fb9a885a77aaf3c29597b19f71c9
93b03192e539de336932ea455adc9ec6,3561935.2114072912,15316990.935353026,12431320.079046287,37800169.32879222,50.08,d66319ad6c73028717fd6d4c911ff3ba
ac48576d40a88015267d1d2b4e2c134c,3561935.2114072912,15316990.935353026,12431320.079046287,37800169.32879222,50.08,d66319ad6c73028717fd6d4c911ff3ba
93b03192e539de336932ea455adc9ec6,3546538.0731502837,15307392.22900845,12400317.729648044,37763589.88896488,51.15,93975028fa56d84f53887b672cc1256b
ac48576d40a88015267d1d2b4e2c134c,3546538.0731502837,15307392.22900845,12400317.729648044,37763589.88896488,51.15,93975028fa56d84f53887b672cc1256b
93b03192e539de336932ea455adc9ec6,3546535.791744646,15307331.376090387,12400289.354395265,37763451.29117628,51.15,220ed0a1cd9f15ba3053f16405bb581d
ac48576d40a88015267d1d2b4e2c134c,3546535.791744646,15307331.376090387,12400289.354395265,37763451.29117628,51.15,220ed0a1cd9f15ba3053f16405bb581d
93b03192e539de336932ea455adc9ec6,3561898.4694742607,15316949.763706598,12431238.789222036,37800041.10680428,50.08,c1e45aa4c4e7fd37dbcd247ab0302d07
ac48576d40a88015267d1d2b4e2c134c,3561898.4694742607,15316949.763706598,12431238.789222036,37800041.10680428,50.08,c1e45aa4c4e7fd37dbcd247ab0302d07
93b03192e539de336932ea455adc9ec6,3546534.755018959,15307301.149651125,12400275.43022933,37763382.54227129,51.15,e30682674316c62c504bfc54e4fb460b
ac48576d40a88015267d1d2b4e2c134c,3546534.755018959,15307301.149651125,12400275.43022933,37763382.54227129,51.15,e30682674316c62c504bfc54e4fb460b
93b03192e539de336932ea455adc9ec6,3551899.7939980887,15305008.65568646,12408822.281841574,37763496.27557174,50.24,d792a2c1d8d26880a4a8f5f294e03045
ac48576d40a88015267d1d2b4e2c134c,3551899.7939980887,15305008.65568646,12408822.281841574,37763496.27557174,50.24,d792a2c1d8d26880a4a8f5f294e03045
93b03192e539de336932ea455adc9ec6,3558117.583338396,15312286.20807624,12422702.952762116,37785890.07983337,49.46,ed9d29c6b7eb1204608e2741ead69c25
ac48576d40a88015267d1d2b4e2c134c,3558117.583338396,15312286.20807624,12422702.952762116,37785890.07983337,49.46,ed9d29c6b7eb1204608e2741ead69c25
93b03192e539de336932ea455adc9ec6,3561965.7670120937,15317025.042719318,12431387.629041106,37800275.66568844,50.08,046568c4bd1c6343c5f932ef6a21b112
ac48576d40a88015267d1d2b4e2c134c,3561965.7670120937,15317025.042719318,12431387.629041106,37800275.66568844,50.08,046568c4bd1c6343c5f932ef6a21b112
93b03192e539de336932ea455adc9ec6,3545676.924703824,15299807.279433893,12395763.44646348,37745749.98835246,51.24,a38049275cf8e4026f9e1a9d4f0951fd
ac48576d40a88015267d1d2b4e2c134c,3545676.924703824,15299807.279433893,12395763.44646348,37745749.98835246,51.24,a38049275cf8e4026f9e1a9d4f0951fd
93b03192e539de336932ea455adc9ec6,3558047.5601389594,15312181.885382986,12422537.682695175,37785587.76945447,50.3,b7154b754e07429ace34ce12bf6ebff0
ac48576d40a88015267d1d2b4e2c134c,3558047.5601389594,15312181.885382986,12422537.682695175,37785587.76945447,50.3,b7154b754e07429ace34ce12bf6ebff0
b77e6ff069ae1e32a78d687b59ac7703,3558047.5601389594,15312181.885382986,12422537.682695175,37785587.76945447,50.3,b7154b754e07429ace34ce12bf6ebff0
93b03192e539de336932ea455adc9ec6,3545625.4598196535,15299744.527749127,12395647.549174827,37745558.99789184,51.24,0b0688c9273d26bdd4870035682648cf
ac48576d40a88015267d1d2b4e2c134c,3545625.4598196535,15299744.527749127,12395647.549174827,37745558.99789184,51.24,0b0688c9273d26bdd4870035682648cf
93b03192e539de336932ea455adc9ec6,3546064.51410632,15300281.45206271,12396636.91805366,37747191.90704208,51.08,e3522abc028d4eb088ed356cd3d2e49c
ac48576d40a88015267d1d2b4e2c134c,3546064.51410632,15300281.45206271,12396636.91805366,37747191.90704208,51.08,e3522abc028d4eb088ed356cd3d2e49c
93b03192e539de336932ea455adc9ec6,3557964.9895627555,15312058.459584855,12422342.634153696,37785230.370463535,50.28,798dfaf310560d3b3ccb245668d82f22
ac48576d40a88015267d1d2b4e2c134c,3557964.9895627555,15312058.459584855,12422342.634153696,37785230.370463535,50.28,798dfaf310560d3b3ccb245668d82f22
93b03192e539de336932ea455adc9ec6,3545667.908023235,15299796.383665605,12395743.180546716,37745716.747131616,51.24,1ff7059b2cad138a0733080d30e2b7f9
ac48576d40a88015267d1d2b4e2c134c,3545667.908023235,15299796.383665605,12395743.180546716,37745716.747131616,51.24,1ff7059b2cad138a0733080d30e2b7f9
93b03192e539de336932ea455adc9ec6,3545979.5713488366,15300178.318157574,12396445.80480748,37746877.65827224,51.08,46171066a30a051265d496e712652f72
ac48576d40a88015267d1d2b4e2c134c,3545979.5713488366,15300178.318157574,12396445.80480748,37746877.65827224,51.08,46171066a30a051265d496e712652f72
93b03192e539de336932ea455adc9ec6,3551678.5750159537,15304680.96989259,12408300.91414467,37762545.45128416,50.24,6feafe3b26a5897dfcc35d6cac079918
ac48576d40a88015267d1d2b4e2c134c,3551678.5750159537,15304680.96989259,12408300.91414467,37762545.45128416,50.24,6feafe3b26a5897dfcc35d6cac079918
93b03192e539de336932ea455adc9ec6,3549585.0933809583,15301846.553081393,12403473.690636694,37754144.855933055,47.4,188a5a76c14551bbe9dfeeb39f78267d
ac48576d40a88015267d1d2b4e2c134c,3549585.0933809583,15301846.553081393,12403473.690636694,37754144.855933055,47.4,188a5a76c14551bbe9dfeeb39f78267d
93b03192e539de336932ea455adc9ec6,3551356.134187845,15304207.748160224,12407542.748558044,37761169.4268363,50.09,9d51046a3937bb92f09e7b051a3f8d72
ac48576d40a88015267d1d2b4e2c134c,3551356.134187845,15304207.748160224,12407542.748558044,37761169.4268363,50.09,9d51046a3937bb92f09e7b051a3f8d72
93b03192e539de336932ea455adc9ec6,3551941.4103602637,15305070.336253468,12408920.377206406,37763675.22664929,50.24,b096ff65fdedb9b12216e48c146ec6e3
ac48576d40a88015267d1d2b4e2c134c,3551941.4103602637,15305070.336253468,12408920.377206406,37763675.22664929,50.24,b096ff65fdedb9b12216e48c146ec6e3
93b03192e539de336932ea455adc9ec6,3551955.17543334,15305090.234078782,12408952.621774087,37763733.287950605,50.24,17fef7979c2165e83ffe13fa77fb4b2d
ac48576d40a88015267d1d2b4e2c134c,3551955.17543334,15305090.234078782,12408952.621774087,37763733.287950605,50.24,17fef7979c2165e83ffe13fa77fb4b2d
93b03192e539de336932ea455adc9ec6,3545633.766027795,15299754.75476328,12395666.29417422,37745590.04513972,51.2,c6e8bc28c76575e4e260ecb0615cf820
ac48576d40a88015267d1d2b4e2c134c,3545633.766027795,15299754.75476328,12395666.29417422,37745590.04513972,51.2,c6e8bc28c76575e4e260ecb0615cf820
ac48576d40a88015267d1d2b4e2c134c,3545633.766027795,15299754.75476328,12395666.29417422,37745590.04513972,51.2,523c4f50cbaffe9c9203fba5f26570d0
93b03192e539de336932ea455adc9ec6,3546022.016812433,15300229.78492956,12396541.275626915,37747034.53279904,51.08,84bb8989077a42475e6eda737c24b084
ac48576d40a88015267d1d2b4e2c134c,3546022.016812433,15300229.78492956,12396541.275626915,37747034.53279904,51.08,84bb8989077a42475e6eda737c24b084
93b03192e539de336932ea455adc9ec6,3551411.5830396526,15304289.793977546,12407673.394460374,37761407.5526478,50.09,ad448f651f077f51f1975bf54aa6e619
ac48576d40a88015267d1d2b4e2c134c,3551411.5830396526,15304289.793977546,12407673.394460374,37761407.5526478,50.09,ad448f651f077f51f1975bf54aa6e619
93b03192e539de336932ea455adc9ec6,3551872.1532924995,15304967.785218827,12408757.1675778,37763377.63621032,50.24,cbe36da0a4d1deebba416c2e009b9ef0
ac48576d40a88015267d1d2b4e2c134c,3551872.1532924995,15304967.785218827,12408757.1675778,37763377.63621032,50.24,cbe36da0a4d1deebba416c2e009b9ef0
ac48576d40a88015267d1d2b4e2c134c,3551872.1532924995,15304967.785218827,12408757.1675778,37763377.63621032,50.24,f43e0324e0704e512e8677171c51b37b
93b03192e539de336932ea455adc9ec6,3545583.1636842405,15299693.034808625,12395552.331306605,37745402.21087735,51.24,323f5a71efc9280fcd2ac4197f36b572
ac48576d40a88015267d1d2b4e2c134c,3545583.1636842405,15299693.034808625,12395552.331306605,37745402.21087735,51.24,323f5a71efc9280fcd2ac4197f36b572
93b03192e539de336932ea455adc9ec6,3546132.436235833,15300364.694834748,12396790.046440845,37747444.923171945,51.08,93fe6fe98c9e803d3e734ecc836d700c
ac48576d40a88015267d1d2b4e2c134c,3546132.436235833,15300364.694834748,12396790.046440845,37747444.923171945,51.08,93fe6fe98c9e803d3e734ecc836d700c
93b03192e539de336932ea455adc9ec6,3558131.6000332795,15312306.616980566,12422735.84571579,37785949.53267997,49.46,e4065cec4c7309bf698e9bb35e7410d5
ac48576d40a88015267d1d2b4e2c134c,3558131.6000332795,15312306.616980566,12422735.84571579,37785949.53267997,49.46,e4065cec4c7309bf698e9bb35e7410d5
93b03192e539de336932ea455adc9ec6,3545608.6209945017,15299724.034915505,12395609.644250724,37745496.59484257,51.24,388ce77c9326a8ca9bf81af1793dd10f
ac48576d40a88015267d1d2b4e2c134c,3545608.6209945017,15299724.034915505,12395609.644250724,37745496.59484257,51.24,388ce77c9326a8ca9bf81af1793dd10f
93b03192e539de336932ea455adc9ec6,3546056.1952038864,15300271.030249946,12396618.072710805,37747160.41084693,51.08,2f70ab72a25df7d2c2c4c12eabac53b2
ac48576d40a88015267d1d2b4e2c134c,3546056.1952038864,15300271.030249946,12396618.072710805,37747160.41084693,51.08,2f70ab72a25df7d2c2c4c12eabac53b2
93b03192e539de336932ea455adc9ec6,3551287.0706892526,15304106.35231925,12407380.34265467,37760874.61451645,50.09,8691aa2a0555c8ecf7a7dc5cb59da057
ac48576d40a88015267d1d2b4e2c134c,3551287.0706892526,15304106.35231925,12407380.34265467,37760874.61451645,50.09,8691aa2a0555c8ecf7a7dc5cb59da057
93b03192e539de336932ea455adc9ec6,3551467.2307788082,15304372.081369247,12407804.487878127,37761646.41446028,50.09,eba55afd6154ccb1f102b29e55feac11
ac48576d40a88015267d1d2b4e2c134c,3551467.2307788082,15304372.081369247,12407804.487878127,37761646.41446028,50.09,eba55afd6154ccb1f102b29e55feac11
93b03192e539de336932ea455adc9ec6,3551706.0204752577,15304722.65869728,12408366.011447245,37762665.7333566,50.24,36ccb5a141baca1eac83e3fd5b2e4006
ac48576d40a88015267d1d2b4e2c134c,3551706.0204752577,15304722.65869728,12408366.011447245,37762665.7333566,50.24,36ccb5a141baca1eac83e3fd5b2e4006
93b03192e539de336932ea455adc9ec6,3551775.5807690923,15304825.670706015,12408529.940444615,37762964.65356816,50.24,053c7b37c95c4617f331791134227db7
ac48576d40a88015267d1d2b4e2c134c,3551775.5807690923,15304825.670706015,12408529.940444615,37762964.65356816,50.24,053c7b37c95c4617f331791134227db7
93b03192e539de336932ea455adc9ec6,3545658.8397849714,15299785.457273027,12395722.81142498,37745683.38682357,51.24,644c2322bf8c1ecbce7e578eb81fa842
ac48576d40a88015267d1d2b4e2c134c,3545658.8397849714,15299785.457273027,12395722.81142498,37745683.38682357,51.24,644c2322bf8c1ecbce7e578eb81fa842
93b03192e539de336932ea455adc9ec6,3546030.569407519,15300240.19911693,12396560.530164486,37747066.24063037,51.08,7709ba31a07079eb99c9a6e603a7f955
ac48576d40a88015267d1d2b4e2c134c,3546030.569407519,15300240.19911693,12396560.530164486,37747066.24063037,51.08,7709ba31a07079eb99c9a6e603a7f955
93b03192e539de336932ea455adc9ec6,3551257.3886109083,15304063.107640656,12407310.67724487,37760748.65683276,50.09,41191393a514bca093c523acfe04759f
ac48576d40a88015267d1d2b4e2c134c,3551257.3886109083,15304063.107640656,12407310.67724487,37760748.65683276,50.09,41191393a514bca093c523acfe04759f
93b03192e539de336932ea455adc9ec6,3551733.9595378186,15304764.14087213,12408431.896807386,37762786.03550188,50.24,5802df19871a6aed48dc19bf9ce69046
ac48576d40a88015267d1d2b4e2c134c,3551733.9595378186,15304764.14087213,12408431.896807386,37762786.03550188,50.24,5802df19871a6aed48dc19bf9ce69046
93b03192e539de336932ea455adc9ec6,3558200.5709877983,15312408.882083587,12422898.436208047,37786246.20234682,49.46,f53a2c38f34891b7e4d6abee97310b75
ac48576d40a88015267d1d2b4e2c134c,3558200.5709877983,15312408.882083587,12422898.436208047,37786246.20234682,49.46,f53a2c38f34891b7e4d6abee97310b75
93b03192e539de336932ea455adc9ec6,3558062.0719184233,15312205.040076803,12422572.54775142,37785653.85988015,49.46,aa645f9f54a60c38ee5b16458b7e7cf2
ac48576d40a88015267d1d2b4e2c134c,3558062.0719184233,15312205.040076803,12422572.54775142,37785653.85988015,49.46,aa645f9f54a60c38ee5b16458b7e7cf2
93b03192e539de336932ea455adc9ec6,3545574.855659362,15299682.691710535,12395533.53665057,37745370.90171967,51.24,23fbbfd751667ca3ea867ad527568232
ac48576d40a88015267d1d2b4e2c134c,3545574.855659362,15299682.691710535,12395533.53665057,37745370.90171967,51.24,23fbbfd751667ca3ea867ad527568232
93b03192e539de336932ea455adc9ec6,3546073.3162094136,15300292.240891587,12396656.762651915,37747224.69860798,51.08,84ffc9e3db5a6d42a0fdacf0a5114e41
ac48576d40a88015267d1d2b4e2c134c,3546073.3162094136,15300292.240891587,12396656.762651915,37747224.69860798,51.08,84ffc9e3db5a6d42a0fdacf0a5114e41
93b03192e539de336932ea455adc9ec6,3545928.87811458,15300116.65881281,12396331.705857392,37746689.870871976,51.08,ea9eb352e2af03f62402ac55be495feb
ac48576d40a88015267d1d2b4e2c134c,3545928.87811458,15300116.65881281,12396331.705857392,37746689.870871976,51.08,ea9eb352e2af03f62402ac55be495feb
93b03192e539de336932ea455adc9ec6,3546106.8411599677,15300333.430536732,12396732.384753002,37747349.81234618,51.08,45307e922796c3f2729f9c8a0329c505
ac48576d40a88015267d1d2b4e2c134c,3546106.8411599677,15300333.430536732,12396732.384753002,37747349.81234618,51.08,45307e922796c3f2729f9c8a0329c505
93b03192e539de336932ea455adc9ec6,3551314.791908967,15304146.819267435,12407445.437478358,37760992.42843613,50.09,3a36efb8cb6fe16ed8f67ab3f1c55254
ac48576d40a88015267d1d2b4e2c134c,3551314.791908967,15304146.819267435,12407445.437478358,37760992.42843613,50.09,3a36efb8cb6fe16ed8f67ab3f1c55254
93b03192e539de336932ea455adc9ec6,3551425.555488883,15304310.390315367,12407706.284365265,37761467.382207945,50.09,66efd7092e41e3cca60e489ce00f7175
ac48576d40a88015267d1d2b4e2c134c,3551425.555488883,15304310.390315367,12407706.284365265,37761467.382207945,50.09,66efd7092e41e3cca60e489ce00f7175
93b03192e539de336932ea455adc9ec6,3545866.1478574174,15300040.001252808,12396190.371324873,37746456.69298167,51.08,81b03b50b749c7fb9d88243d2d420205
ac48576d40a88015267d1d2b4e2c134c,3545866.1478574174,15300040.001252808,12396190.371324873,37746456.69298167,51.08,81b03b50b749c7fb9d88243d2d420205
93b03192e539de336932ea455adc9ec6,3551265.3527913583,15304074.612612978,12407329.330273682,37760782.23309291,50.09,3234a53945862051749f66a8aa0b78f9
ac48576d40a88015267d1d2b4e2c134c,3551265.3527913583,15304074.612612978,12407329.330273682,37760782.23309291,50.09,3234a53945862051749f66a8aa0b78f9
93b03192e539de336932ea455adc9ec6,3551439.4955352987,15304330.948486585,12407739.10183725,37761527.09452694,50.09,107b4456d0f5f8604e72616bfeeee18b
ac48576d40a88015267d1d2b4e2c134c,3551439.4955352987,15304330.948486585,12407739.10183725,37761527.09452694,50.09,107b4456d0f5f8604e72616bfeeee18b
93b03192e539de336932ea455adc9ec6,3545685.4698868543,15299817.358413136,12395782.553789847,37745780.93776371,51.24,2326c5a8e8c7d3d752cf16e8d29515de
ac48576d40a88015267d1d2b4e2c134c,3545685.4698868543,15299817.358413136,12395782.553789847,37745780.93776371,51.24,2326c5a8e8c7d3d752cf16e8d29515de
93b03192e539de336932ea455adc9ec6,3545874.4117641835,15300050.364288405,12396209.096132385,37746488.003637105,51.08,699fe16640ad6f66d37d491a38bf4623
ac48576d40a88015267d1d2b4e2c134c,3545874.4117641835,15300050.364288405,12396209.096132385,37746488.003637105,51.08,699fe16640ad6f66d37d491a38bf4623
93b03192e539de336932ea455adc9ec6,3545912.0327234888,15300096.13810973,12396293.778198466,37746627.39894389,51.08,1f60232d501d273670259f0002142696
ac48576d40a88015267d1d2b4e2c134c,3545912.0327234888,15300096.13810973,12396293.778198466,37746627.39894389,51.08,1f60232d501d273670259f0002142696
93b03192e539de336932ea455adc9ec6,3551272.9605163983,15304085.84713585,12407347.246274196,37760814.85442828,50.09,f345cb3d91cd58b85c6848253fe27fbd
ac48576d40a88015267d1d2b4e2c134c,3551272.9605163983,15304085.84713585,12407347.246274196,37760814.85442828,50.09,f345cb3d91cd58b85c6848253fe27fbd
93b03192e539de336932ea455adc9ec6,3545954.193657665,15300147.37231963,12396388.65403171,37746783.47384414,51.08,bf6c53c69618b430efe0e126acbfc77a
ac48576d40a88015267d1d2b4e2c134c,3545954.193657665,15300147.37231963,12396388.65403171,37746783.47384414,51.08,bf6c53c69618b430efe0e126acbfc77a
93b03192e539de336932ea455adc9ec6,3542777.1344088037,15293492.030502353,12388120.972208148,37728760.05506283,44.74,4e29304383706ddf0bce27b8017c0b47
ac48576d40a88015267d1d2b4e2c134c,3542777.1344088037,15293492.030502353,12388120.972208148,37728760.05506283,44.74,4e29304383706ddf0bce27b8017c0b47
93b03192e539de336932ea455adc9ec6,3545899.581924152,15300081.063756155,12396265.782225436,37746581.43285724,51.08,eed5d3a5a07be904e34fcd8c899364e2
ac48576d40a88015267d1d2b4e2c134c,3545899.581924152,15300081.063756155,12396265.782225436,37746581.43285724,51.08,eed5d3a5a07be904e34fcd8c899364e2
93b03192e539de336932ea455adc9ec6,3548818.6769528007,15297128.412324687,12400233.69390473,37742821.8855286,51.06,769538952a9ef5cfdccc448c99d1083d
ac48576d40a88015267d1d2b4e2c134c,3548818.6769528007,15297128.412324687,12400233.69390473,37742821.8855286,51.06,769538952a9ef5cfdccc448c99d1083d
ac48576d40a88015267d1d2b4e2c134c,3548828.18116191,15297187.498638205,12400274.103641376,37742963.59377719,51.06,64fcc93f7557e22482c171cac2e07d82
ac48576d40a88015267d1d2b4e2c134c,3548821.638907889,15297147.81978188,12400246.684982445,37742868.27454539,51.06,c8d3db6d83f37047c60384cb1b539753
195648593fce82b8363a068a13efe51a,3673787.8640414574,16250938.301504536,13002359.78412941,40002520.0697693,104.2,2467cca915e0bdbef7f43572fa63af08
195648593fce82b8363a068a13efe51a,3665287.5546348477,16246320.326857427,12985516.877536127,39983852.10609561,102.29,15a51a0de838bdb2a3a48d70278b43d5
195648593fce82b8363a068a13efe51a,3658882.609982727,16248334.975310318,12975024.395997513,39982097.95549535,102.69,f4bbc42a9a9e4d5096de8d52498f5776
195648593fce82b8363a068a13efe51a,3658856.5124692568,16248335.233590836,12974978.461970463,39982072.99164668,102.69,5a1a4d2b9e281e1c587b0395b39c01af
195648593fce82b8363a068a13efe51a,3658830.410954215,16248335.46946242,12974932.511917332,39982047.973665506,102.69,cc3fecdd18ba142d01b791d6104c6ab2
195648593fce82b8363a068a13efe51a,3658765.1583502777,16248336.110270018,12974817.659332056,39981985.54444485,102.69,cb4db678d1df33abb07c246056965936
195648593fce82b8363a068a13efe51a,3658752.1184138036,16248336.244303964,12974794.70983618,39981973.08211947,102.69,1e84fd3c5c3081bbb511bcd72a0bdb39
195648593fce82b8363a068a13efe51a,3658739.0608368083,16248336.368550533,12974771.725305006,39981960.58059617,102.69,2ab4532d8cf5129fd9f58bd3fc181768
195648593fce82b8363a068a13efe51a,3658686.8618082963,16248336.862702632,12974679.841224825,39981910.59876632,102.62,74847140da9cedde0dfa2fc40e6d6c74
195648593fce82b8363a068a13efe51a,3666308.489513165,16248946.887844428,12988368.897415467,39990737.17649338,104.79,2bc858b86e1cff828908eb5c396ae38e
195648593fce82b8363a068a13efe51a,3666220.025117536,16248830.980891893,12988166.460588267,39990390.85792746,104.79,ceed2d69541596760b6691cf2e67051f
195648593fce82b8363a068a13efe51a,3660511.7880033962,16251792.05400703,12979281.726267256,39991439.43804762,108.25,903fa3e3596caffef6481645d46a0dc3
195648593fce82b8363a068a13efe51a,3660448.287754748,16251756.762000185,12979155.58615372,39991298.20232414,108.25,aa3dc72b6f40042634a2335fc2266082
195648593fce82b8363a068a13efe51a,3660353.057840204,16251703.80505759,12978966.404497247,39991086.32633704,108.25,4b3b8c7d50e0417709d3ec24b9dfd6e5
195648593fce82b8363a068a13efe51a,3660321.2968948325,16251686.142956013,12978903.308909794,39991015.66181009,108.25,c5a7c4b92e1ee3d65032385f0326d33f
195648593fce82b8363a068a13efe51a,3660480.027058024,16251774.39190545,12979218.630679796,39991368.77352065,108.25,1c1e93a60bd298a468b52d2438424947
195648593fce82b8363a068a13efe51a,3660226.07098186,16251633.20842235,12978714.143279405,39990803.8399555,108.25,15e27270654bb79bfa7c3b93f244fa8f
195648593fce82b8363a068a13efe51a,3667367.093317119,16243506.406118914,12988059.28195983,39979581.73374735,103.07,5077f937d288284f83d9f260fa94087b
195648593fce82b8363a068a13efe51a,3662140.8383469637,16246680.46542188,12980110.017328968,39981579.32739931,105.26,62848edc2daf57b827ae51885b02fc9d
195648593fce82b8363a068a13efe51a,3662109.119051548,16246662.947561273,12980047.05293328,39981509.02686536,105.26,75d6a78f08a827daa1cad0a9b6032823
195648593fce82b8363a068a13efe51a,3662077.386117181,16246645.44232222,12979984.069528375,39981438.741266,105.26,a48cbcbc015dec9f031a07cb658802ee
195648593fce82b8363a068a13efe51a,3662013.951527922,16246610.42900994,12979858.15676308,39981298.19433062,105.26,02bd0350b7f0cef7af7ca50801d89810
195648593fce82b8363a068a13efe51a,3661982.2322325055,16246592.911149332,12979795.192367392,39981227.89379667,105.26,65a519455590214f7c4494d1790d51a8
195648593fce82b8363a068a13efe51a,3661918.780002723,16246557.888049673,12979669.244566798,39981087.30766336,105.26,e3297a80a3a375a08266cc67d21b54fb
195648593fce82b8363a068a13efe51a,3661887.999656623,16246540.91132913,12979608.153067952,39981019.13875186,106.0,deed95fb1f5eab30a384ea91fc8c3dba
195648593fce82b8363a068a13efe51a,3661950.4952965667,16246575.383501347,12979732.192936407,39981157.5540648,105.26,b8c532142cb28a41f2692647bc419fb6
195648593fce82b8363a068a13efe51a,3661803.472469082,16246494.578930747,12979440.502441278,39980832.58282629,106.0,34ece3d9bcd82bd6be4b374cf1ce71b0
195648593fce82b8363a068a13efe51a,3661771.7635441483,16246477.208145287,12979377.615192842,39980762.62202201,106.0,b3ba577b74dc29690cf11505b902dade
195648593fce82b8363a068a13efe51a,3663584.186286215,16253302.679243416,12985306.08524329,39997831.66076808,107.43,897268660bdb9f7de7311b8610eb7a4b
195648593fce82b8363a068a13efe51a,3663573.5353059517,16253275.874455646,12985276.570227522,39997761.16958249,107.43,29119dacd1d60560589e2810b44f4f04
195648593fce82b8363a068a13efe51a,3663552.2077017576,16253222.210274855,12985217.473108536,39997620.03974839,107.43,ff3a625575f0eb398958d89c9f3dba5a
195648593fce82b8363a068a13efe51a,3663520.2331188726,16253141.763715222,12985128.87699986,39997408.472861215,107.43,1dab6f10e7b9be58906f837fa0fd367e
195648593fce82b8363a068a13efe51a,3663509.5741354655,16253114.914109586,12985099.32993194,39997337.87341061,107.43,359920cc5430cb2962a595b6c21cda3b
195648593fce82b8363a068a13efe51a,3672153.473758809,16258992.145174615,13002699.437716715,40018968.23342653,109.29,912f831b256502ae2e364fcf40377906
195648593fce82b8363a068a13efe51a,3672211.790978316,16259007.401063902,13002808.41709867,40019059.49752294,109.29,4543c6c76f3e160c48ed499b63dbe98b
195648593fce82b8363a068a13efe51a,3668287.231623583,16262656.258579733,12997345.405599328,40023395.08220367,114.03,36e0d53a73206bd51483a390fae489c7
195648593fce82b8363a068a13efe51a,3655114.0165502517,16245816.714718325,12967368.699783524,39972766.33692192,101.55,d3b63715faebec4d81754c3e7a3ad836
195648593fce82b8363a068a13efe51a,3655102.4965064717,16245861.138247222,12967366.154218575,39972854.61020128,101.55,44526ca6f359c464df4590a567301570
195648593fce82b8363a068a13efe51a,3671121.656405649,16254271.52330143,12998990.267023735,40007379.94513872,109.36,9d4fada415083f0b199e65916613f6ec
195648593fce82b8363a068a13efe51a,3671052.898950507,16254140.930682873,12998816.717696013,40007020.00549489,109.36,80d416d13a51895f6d681c48d42803ed
195648593fce82b8363a068a13efe51a,3671029.994771602,16254097.39465811,12998758.892271353,40006900.02872319,109.36,8e1938a8124a80b8d91b984d056e50d4
195648593fce82b8363a068a13efe51a,3665220.4850506736,16265132.537310084,12992926.404896775,40025942.61701132,115.89,0ea0a5fbb3dc2f41fcbdd591f1e026a2
195648593fce82b8363a068a13efe51a,3665247.7041018964,16265173.803723367,12992990.933780676,40026061.73095551,115.89,9c52c1cc2a7a67576542e989475da7f5
195648593fce82b8363a068a13efe51a,3656979.8030966525,16250894.556136327,12972691.979764136,39985971.35338535,106.37,8bdb19e0eecb6cca81fdd3f7bc58eebf
195648593fce82b8363a068a13efe51a,3656954.22645968,16250895.951339586,12972647.41953832,39985949.44706072,106.37,1b9e45ebbd67eae521ddaab76d8deb1a
195648593fce82b8363a068a13efe51a,3656941.4509630282,16250896.676243834,12972625.172969146,39985938.567629896,106.37,e60e9600e9fe63a14d67342873974e56
195648593fce82b8363a068a13efe51a,3656890.2840501294,16250899.4792719,12972536.033508295,39985894.76991523,106.37,38ffaacf7b8d60b68d9c7044141e54bc
195648593fce82b8363a068a13efe51a,3664332.2724995464,16258606.000495307,12988747.910710132,40010448.017686985,108.27,86854f0b0b900eb94d07fdd8d8a8602e
195648593fce82b8363a068a13efe51a,3664316.288919692,16258562.326995935,12988702.238573007,40010334.50630254,108.27,506cc18f8bb8a3ba0b0d51ab69deeff8
195648593fce82b8363a068a13efe51a,3664284.2864789367,16258474.960422432,12988610.824228158,40010107.40513778,100.9,17937e3e75034f8b4614b7231d4d989b
195648593fce82b8363a068a13efe51a,3670090.116722672,16248206.685617473,12994743.68850921,39992779.68454863,106.07,984d231a56ddf1755c7daf3c6dd74601
195648593fce82b8363a068a13efe51a,3670090.615195568,16248171.652031848,12994730.548899667,39992701.66589922,106.07,065b308066161ae96d2f1f8bca1afe0e
195648593fce82b8363a068a13efe51a,3655793.5608899286,16255080.47300216,12972274.411223967,39994190.52571634,107.73,5fbee0cb54acfac5ad4b19f6a550f2e1
195648593fce82b8363a068a13efe51a,3655766.6544463583,16255103.25728381,12972236.064143606,39994215.2484998,107.73,86d369905963a6b3000df6ac750f9744
195648593fce82b8363a068a13efe51a,3655739.765643311,16255126.051352842,12972197.75209854,39994240.01048119,107.73,4571b100370d786862db8e03e3e38e5a
195648593fce82b8363a068a13efe51a,3651786.4471243583,16244828.361468062,12961103.196453895,39967294.72425313,103.83,8d67775bcec7622c89b920ca2ef3a481
195648593fce82b8363a068a13efe51a,3673791.519061148,16250770.178483587,13002298.95613674,40002146.90134164,102.93,fc73d9d98621e750b923524cfbc4d09b
195648593fce82b8363a068a13efe51a,3673791.4779478586,16250734.704201428,13002284.68832103,40002067.36702486,102.93,722e35e0a0013ae27c95bb176e71ac51
535d93dc0cbade795699dea21c0bce0e,3659577.793118564,15629364.758273695,12728565.341327336,38595732.20777069,47.11,2899a73a6ad221524f0493800e2fb3a6
535d93dc0cbade795699dea21c0bce0e,3659620.6407303074,15629323.569502747,12728624.44477375,38595681.844719134,47.11,ecd199ba0e6015080633bd24e60d85cc
535d93dc0cbade795699dea21c0bce0e,3659782.62231396,15629166.342997896,12728847.273447132,38595488.05444232,43.77,05ac8fa0edaeedff9ad4b752f9c9383b
535d93dc0cbade795699dea21c0bce0e,3659560.4412219054,15629380.776651185,12728541.141542545,38595751.1202835,47.11,a1596863c1e4fcd1a7760de750d0a3ad
535d93dc0cbade795699dea21c0bce0e,3654593.9413431967,15627610.830795275,12719071.719187595,38586923.95857271,50.94,7b1dd93a87ca87671ab8efc25ea4852f
535d93dc0cbade795699dea21c0bce0e,3654826.4119578656,15627669.582354905,12719505.319380865,38587283.14236388,50.94,37d66216ace7c5a3fbc283b63f0db14e
535d93dc0cbade795699dea21c0bce0e,3654608.4715784076,15627614.503476065,12719098.8209328,38586946.40995121,50.94,f40a9e2233259076d56d03799b4924bb
535d93dc0cbade795699dea21c0bce0e,3654666.585863192,15627629.19252515,12719207.215502085,38587036.20519935,50.94,779cb52e28e107b6dc15c5ad4ea81ce4
535d93dc0cbade795699dea21c0bce0e,3660009.268238457,15621510.190686412,12726183.424186148,38578553.26177071,49.89,5b12ff601bed87c192f8cbe5df6da67e
535d93dc0cbade795699dea21c0bce0e,3659941.918142185,15621445.573472785,12726038.758047,38578342.54339869,49.89,8d91d5f562643804e531e9ebc0c38671
8ea6f42c3baca86550e304848ad2639b,3658713.889461294,15556659.69112588,12697947.913350016,38431962.38192768,39.6,09dfc186d24aab3aa8fc541f3561a3dd
8ea6f42c3baca86550e304848ad2639b,3658715.9579669363,15556590.584971486,12697923.90897642,38431809.54694132,39.6,260f2a2711571771a5025f2b77bc123f
8ea6f42c3baca86550e304848ad2639b,3738316.9159368086,15719319.495184265,12903461.312055836,38874376.13628691,55.47,ce53457ef45b5f5b13d71072c862849c
5f9fc96ac349ab517d4605ec7697c427,3643502.561764192,16279641.421764838,12960420.686073648,40037199.32105759,117.86,c43a70eed6be2ca0ba61719163fcad10
8b48bb020606710d15d746eb9a2169a6,3643502.561764192,16279641.421764838,12960420.686073648,40037199.32105759,117.86,c43a70eed6be2ca0ba61719163fcad10
d9c6891fcec9e5f70ef5397198745752,3643502.561764192,16279641.421764838,12960420.686073648,40037199.32105759,117.86,c43a70eed6be2ca0ba61719163fcad10
e4674f9b66a54c8821b4887d95cd5a13,3643502.561764192,16279641.421764838,12960420.686073648,40037199.32105759,117.86,c43a70eed6be2ca0ba61719163fcad10
b5ae0013bac9bf014ccf9b359c6298e9,3643502.561764192,16279641.421764838,12960420.686073648,40037199.32105759,117.86,c43a70eed6be2ca0ba61719163fcad10
5f9fc96ac349ab517d4605ec7697c427,3643396.9885348086,16279776.538251488,12960288.517206784,40037398.77414392,117.86,2abe5d8b51f5021f947961f3222c48c1
8b48bb020606710d15d746eb9a2169a6,3643396.9885348086,16279776.538251488,12960288.517206784,40037398.77414392,117.86,2abe5d8b51f5021f947961f3222c48c1
d9c6891fcec9e5f70ef5397198745752,3643396.9885348086,16279776.538251488,12960288.517206784,40037398.77414392,117.86,2abe5d8b51f5021f947961f3222c48c1
e4674f9b66a54c8821b4887d95cd5a13,3643396.9885348086,16279776.538251488,12960288.517206784,40037398.77414392,117.86,2abe5d8b51f5021f947961f3222c48c1
5f9fc96ac349ab517d4605ec7697c427,3642057.510326749,16284360.654250713,12959759.974592568,40046360.290309824,117.81,ab6ff4bff1be25c0dd00a4844afe0cd4
8b48bb020606710d15d746eb9a2169a6,3642057.510326749,16284360.654250713,12959759.974592568,40046360.290309824,117.81,ab6ff4bff1be25c0dd00a4844afe0cd4
d9c6891fcec9e5f70ef5397198745752,3642057.510326749,16284360.654250713,12959759.974592568,40046360.290309824,117.81,ab6ff4bff1be25c0dd00a4844afe0cd4
5f9fc96ac349ab517d4605ec7697c427,3642039.937830015,16284351.247822715,12959725.21173851,40046322.01263927,117.81,37338d3f1587fe381bd3a24bb7bd61ba
8b48bb020606710d15d746eb9a2169a6,3642039.937830015,16284351.247822715,12959725.21173851,40046322.01263927,117.81,37338d3f1587fe381bd3a24bb7bd61ba
8b48bb020606710d15d746eb9a2169a6,3645399.1654924895,16291707.380367385,12968594.674640592,40066094.12374156,120.37,3ef974463344fdf91533f7bcdc9497bc
5f9fc96ac349ab517d4605ec7697c427,3645269.3008088483,16291493.21965031,12968279.888586067,40065487.10894846,120.84,8a1bb504879b7da32b431048b69dde1e
8b48bb020606710d15d746eb9a2169a6,3645269.3008088483,16291493.21965031,12968279.888586067,40065487.10894846,120.84,8a1bb504879b7da32b431048b69dde1e
d9c6891fcec9e5f70ef5397198745752,3645269.3008088483,16291493.21965031,12968279.888586067,40065487.10894846,120.84,8a1bb504879b7da32b431048b69dde1e
b5ae0013bac9bf014ccf9b359c6298e9,3645269.3008088483,16291493.21965031,12968279.888586067,40065487.10894846,120.84,8a1bb504879b7da32b431048b69dde1e
5f9fc96ac349ab517d4605ec7697c427,3645294.990831312,16291535.535466176,12968342.140109213,40065607.07797325,120.84,fa5687dcaa35024568981760194e11a3
8b48bb020606710d15d746eb9a2169a6,3645294.990831312,16291535.535466176,12968342.140109213,40065607.07797325,120.84,fa5687dcaa35024568981760194e11a3
5f9fc96ac349ab517d4605ec7697c427,3649987.2574940207,16300271.435144633,12980115.277351378,40089775.79576596,122.3,fb8de1efd55f5f174f7cd9125aaf2736
8b48bb020606710d15d746eb9a2169a6,3649987.2574940207,16300271.435144633,12980115.277351378,40089775.79576596,122.3,fb8de1efd55f5f174f7cd9125aaf2736
d9c6891fcec9e5f70ef5397198745752,3649987.2574940207,16300271.435144633,12980115.277351378,40089775.79576596,122.3,fb8de1efd55f5f174f7cd9125aaf2736
316c698ce9ffcbc11cba282c84bb2455,3650541.7585630636,16322293.010830427,12989905.538513338,40139666.506214455,138.22,f2ff1cd481a6715dab9f6b0204cb36eb
d9c6891fcec9e5f70ef5397198745752,3650541.7585630636,16322293.010830427,12989905.538513338,40139666.506214455,138.22,f2ff1cd481a6715dab9f6b0204cb36eb
e4674f9b66a54c8821b4887d95cd5a13,3650541.7585630636,16322293.010830427,12989905.538513338,40139666.506214455,138.22,f2ff1cd481a6715dab9f6b0204cb36eb
5f9fc96ac349ab517d4605ec7697c427,3650549.647512766,16322285.658133864,12989916.512799038,40139657.75082146,138.23,8ce6a57f187860dd1fe604829c0068fe
5f9fc96ac349ab517d4605ec7697c427,3629849.918302095,16247932.235501628,12923648.048890993,39952780.06046834,108.05,fb61ed2104e11829c6f3e86eeb46dc0d
99bc6fecb75e321f7da4c25d39b63945,3233456.086565259,14836279.185658092,11659505.436480047,36401450.64165591,120.78,26b0ef08b630ff89812938b50b628569
516c1baa4e2fc31f8f57cbea1d504770,3233456.086565259,14836279.185658092,11659505.436480047,36401450.64165591,120.78,26b0ef08b630ff89812938b50b628569
74d61aaa964b10e54c974482730613dc,3233456.086565259,14836279.185658092,11659505.436480047,36401450.64165591,120.78,26b0ef08b630ff89812938b50b628569
bcdfe2c6e22c461f814a418818d820fd,3233456.086565259,14836279.185658092,11659505.436480047,36401450.64165591,120.78,26b0ef08b630ff89812938b50b628569
99bc6fecb75e321f7da4c25d39b63945,3233455.8241539323,14836326.221210144,11659523.795187935,36401555.78647269,120.78,5e69778b215abaac60b5a9f15673a8f8
516c1baa4e2fc31f8f57cbea1d504770,3233455.8241539323,14836326.221210144,11659523.795187935,36401555.78647269,120.78,5e69778b215abaac60b5a9f15673a8f8
74d61aaa964b10e54c974482730613dc,3233455.8241539323,14836326.221210144,11659523.795187935,36401555.78647269,120.78,5e69778b215abaac60b5a9f15673a8f8
bcdfe2c6e22c461f814a418818d820fd,3233455.8241539323,14836326.221210144,11659523.795187935,36401555.78647269,120.78,5e69778b215abaac60b5a9f15673a8f8
99bc6fecb75e321f7da4c25d39b63945,3233456.010794189,14836292.912356313,11659510.795653155,36401481.327560574,120.78,f12abbf02962630ac4ef91e49d077333
516c1baa4e2fc31f8f57cbea1d504770,3233456.010794189,14836292.912356313,11659510.795653155,36401481.327560574,120.78,f12abbf02962630ac4ef91e49d077333
74d61aaa964b10e54c974482730613dc,3233456.010794189,14836292.912356313,11659510.795653155,36401481.327560574,120.78,f12abbf02962630ac4ef91e49d077333
bcdfe2c6e22c461f814a418818d820fd,3233456.010794189,14836292.912356313,11659510.795653155,36401481.327560574,120.78,f12abbf02962630ac4ef91e49d077333
99bc6fecb75e321f7da4c25d39b63945,3233456.1488193283,14836269.388269516,11659501.625803825,36401428.747684896,120.78,07759c3ef2b803a9223d72d37908cf41
99bc6fecb75e321f7da4c25d39b63945,3232333.6194993155,14831953.02767462,11655794.20251748,36390657.58249873,115.49,d55fa7c14dc2508fde23b0a4833b688e
516c1baa4e2fc31f8f57cbea1d504770,3232333.6194993155,14831953.02767462,11655794.20251748,36390657.58249873,115.49,d55fa7c14dc2508fde23b0a4833b688e
74d61aaa964b10e54c974482730613dc,3232333.6194993155,14831953.02767462,11655794.20251748,36390657.58249873,115.49,d55fa7c14dc2508fde23b0a4833b688e
bcdfe2c6e22c461f814a418818d820fd,3232333.6194993155,14831953.02767462,11655794.20251748,36390657.58249873,115.49,d55fa7c14dc2508fde23b0a4833b688e
99bc6fecb75e321f7da4c25d39b63945,3222454.9022843326,14817621.165469926,11632632.630268702,36348872.7341798,113.42,b26c10c9db3284f12172486d76bfcb7d
516c1baa4e2fc31f8f57cbea1d504770,3222454.9022843326,14817621.165469926,11632632.630268702,36348872.7341798,113.42,b26c10c9db3284f12172486d76bfcb7d
74d61aaa964b10e54c974482730613dc,3222454.9022843326,14817621.165469926,11632632.630268702,36348872.7341798,113.42,b26c10c9db3284f12172486d76bfcb7d
bcdfe2c6e22c461f814a418818d820fd,3222454.9022843326,14817621.165469926,11632632.630268702,36348872.7341798,113.42,b26c10c9db3284f12172486d76bfcb7d
99bc6fecb75e321f7da4c25d39b63945,3222404.126876608,14817494.351765893,11632492.3143738,36348538.86239266,113.72,0a0106327ac0b21fe3033dc746605ecb
516c1baa4e2fc31f8f57cbea1d504770,3222404.126876608,14817494.351765893,11632492.3143738,36348538.86239266,113.72,0a0106327ac0b21fe3033dc746605ecb
74d61aaa964b10e54c974482730613dc,3222404.126876608,14817494.351765893,11632492.3143738,36348538.86239266,113.72,0a0106327ac0b21fe3033dc746605ecb
bcdfe2c6e22c461f814a418818d820fd,3222404.126876608,14817494.351765893,11632492.3143738,36348538.86239266,113.72,0a0106327ac0b21fe3033dc746605ecb
99bc6fecb75e321f7da4c25d39b63945,3229565.602946848,14821702.786131782,11646809.56838355,36364978.72299468,111.36,175da4863586bd62e76f99114fc97fac
516c1baa4e2fc31f8f57cbea1d504770,3229565.602946848,14821702.786131782,11646809.56838355,36364978.72299468,111.36,175da4863586bd62e76f99114fc97fac
74d61aaa964b10e54c974482730613dc,3229565.602946848,14821702.786131782,11646809.56838355,36364978.72299468,111.36,175da4863586bd62e76f99114fc97fac
bcdfe2c6e22c461f814a418818d820fd,3229565.602946848,14821702.786131782,11646809.56838355,36364978.72299468,111.36,175da4863586bd62e76f99114fc97fac
99bc6fecb75e321f7da4c25d39b63945,3229585.870321537,14821686.43290894,11646838.777233414,36364961.91361827,111.37,a698c289bcf07f95c14fd04a7390a4d2
516c1baa4e2fc31f8f57cbea1d504770,3229585.870321537,14821686.43290894,11646838.777233414,36364961.91361827,111.37,a698c289bcf07f95c14fd04a7390a4d2
74d61aaa964b10e54c974482730613dc,3229585.870321537,14821686.43290894,11646838.777233414,36364961.91361827,111.37,a698c289bcf07f95c14fd04a7390a4d2
bcdfe2c6e22c461f814a418818d820fd,3229585.870321537,14821686.43290894,11646838.777233414,36364961.91361827,111.37,a698c289bcf07f95c14fd04a7390a4d2
99bc6fecb75e321f7da4c25d39b63945,3229575.729814717,14821694.615831135,11646824.163303873,36364970.32577377,111.36,a72e3b2cd5678607b2847d02f1781ceb
516c1baa4e2fc31f8f57cbea1d504770,3229575.729814717,14821694.615831135,11646824.163303873,36364970.32577377,111.36,a72e3b2cd5678607b2847d02f1781ceb
74d61aaa964b10e54c974482730613dc,3229575.729814717,14821694.615831135,11646824.163303873,36364970.32577377,111.36,a72e3b2cd5678607b2847d02f1781ceb
bcdfe2c6e22c461f814a418818d820fd,3229575.729814717,14821694.615831135,11646824.163303873,36364970.32577377,111.36,a72e3b2cd5678607b2847d02f1781ceb
99bc6fecb75e321f7da4c25d39b63945,3222351.571914343,14817365.137509335,11632347.89865314,36348197.86950608,113.89,c46e6577ed8a7b5c6390dbd510532254
516c1baa4e2fc31f8f57cbea1d504770,3222351.571914343,14817365.137509335,11632347.89865314,36348197.86950608,113.89,c46e6577ed8a7b5c6390dbd510532254
74d61aaa964b10e54c974482730613dc,3222351.571914343,14817365.137509335,11632347.89865314,36348197.86950608,113.89,c46e6577ed8a7b5c6390dbd510532254
bcdfe2c6e22c461f814a418818d820fd,3222351.571914343,14817365.137509335,11632347.89865314,36348197.86950608,113.89,c46e6577ed8a7b5c6390dbd510532254
99bc6fecb75e321f7da4c25d39b63945,3222303.471680204,14817245.561852967,11632215.198261425,36347882.83570474,113.89,9fbbd7319dfed581547d25f664ea0b38
516c1baa4e2fc31f8f57cbea1d504770,3222303.471680204,14817245.561852967,11632215.198261425,36347882.83570474,113.89,9fbbd7319dfed581547d25f664ea0b38
74d61aaa964b10e54c974482730613dc,3222303.471680204,14817245.561852967,11632215.198261425,36347882.83570474,113.89,9fbbd7319dfed581547d25f664ea0b38
bcdfe2c6e22c461f814a418818d820fd,3222303.471680204,14817245.561852967,11632215.198261425,36347882.83570474,113.89,9fbbd7319dfed581547d25f664ea0b38
99bc6fecb75e321f7da4c25d39b63945,3222370.233982332,14817411.528611975,11632399.383252082,36348320.092287295,113.89,4af252084139ab2c2246bb5025f1e75a
516c1baa4e2fc31f8f57cbea1d504770,3222370.233982332,14817411.528611975,11632399.383252082,36348320.092287295,113.89,4af252084139ab2c2246bb5025f1e75a
74d61aaa964b10e54c974482730613dc,3222370.233982332,14817411.528611975,11632399.383252082,36348320.092287295,113.89,4af252084139ab2c2246bb5025f1e75a
bcdfe2c6e22c461f814a418818d820fd,3222370.233982332,14817411.528611975,11632399.383252082,36348320.092287295,113.89,4af252084139ab2c2246bb5025f1e75a
99bc6fecb75e321f7da4c25d39b63945,3222356.4868232575,14817377.353136705,11632361.456981087,36348230.053830415,113.89,79a0073a4e5f43f078ea0f37287068e6
516c1baa4e2fc31f8f57cbea1d504770,3222356.4868232575,14817377.353136705,11632361.456981087,36348230.053830415,113.89,79a0073a4e5f43f078ea0f37287068e6
74d61aaa964b10e54c974482730613dc,3222356.4868232575,14817377.353136705,11632361.456981087,36348230.053830415,113.89,79a0073a4e5f43f078ea0f37287068e6
bcdfe2c6e22c461f814a418818d820fd,3222356.4868232575,14817377.353136705,11632361.456981087,36348230.053830415,113.89,79a0073a4e5f43f078ea0f37287068e6
99bc6fecb75e321f7da4c25d39b63945,3222292.6915804693,14817218.745992953,11632185.451041516,36347812.19333332,113.89,6d5487bc432c3a0c0f284d0cff23fedf
74d61aaa964b10e54c974482730613dc,3222292.6915804693,14817218.745992953,11632185.451041516,36347812.19333332,113.89,6d5487bc432c3a0c0f284d0cff23fedf
bcdfe2c6e22c461f814a418818d820fd,3222292.6915804693,14817218.745992953,11632185.451041516,36347812.19333332,113.89,6d5487bc432c3a0c0f284d0cff23fedf
99bc6fecb75e321f7da4c25d39b63945,3222283.8633318814,14817196.80855398,11632161.099124545,36347754.39333329,113.89,d7f145259f0dc05d96bb41fa0183bd31
516c1baa4e2fc31f8f57cbea1d504770,3222283.8633318814,14817196.80855398,11632161.099124545,36347754.39333329,113.89,d7f145259f0dc05d96bb41fa0183bd31
74d61aaa964b10e54c974482730613dc,3222283.8633318814,14817196.80855398,11632161.099124545,36347754.39333329,113.89,d7f145259f0dc05d96bb41fa0183bd31
bcdfe2c6e22c461f814a418818d820fd,3222283.8633318814,14817196.80855398,11632161.099124545,36347754.39333329,113.89,d7f145259f0dc05d96bb41fa0183bd31
99bc6fecb75e321f7da4c25d39b63945,3232455.503428276,14831626.587256325,11655878.584661812,36390045.35681635,115.49,442c30be6d733e814a37cb9cebb9b15a
516c1baa4e2fc31f8f57cbea1d504770,3232455.503428276,14831626.587256325,11655878.584661812,36390045.35681635,115.49,442c30be6d733e814a37cb9cebb9b15a
74d61aaa964b10e54c974482730613dc,3232455.503428276,14831626.587256325,11655878.584661812,36390045.35681635,115.49,442c30be6d733e814a37cb9cebb9b15a
bcdfe2c6e22c461f814a418818d820fd,3232455.503428276,14831626.587256325,11655878.584661812,36390045.35681635,115.49,442c30be6d733e814a37cb9cebb9b15a
99bc6fecb75e321f7da4c25d39b63945,3228532.8054099875,14828203.06098622,11647588.791305112,36378534.30652971,103.92,0556368a803a0c64972646d4bfaecd86
516c1baa4e2fc31f8f57cbea1d504770,3228532.8054099875,14828203.06098622,11647588.791305112,36378534.30652971,103.92,0556368a803a0c64972646d4bfaecd86
74d61aaa964b10e54c974482730613dc,3228532.8054099875,14828203.06098622,11647588.791305112,36378534.30652971,103.92,0556368a803a0c64972646d4bfaecd86
bcdfe2c6e22c461f814a418818d820fd,3228532.8054099875,14828203.06098622,11647588.791305112,36378534.30652971,103.92,0556368a803a0c64972646d4bfaecd86
99bc6fecb75e321f7da4c25d39b63945,3232377.8943961863,14831834.55503426,11655824.898072135,36390435.43148796,115.49,4241434fd1862869b77f1f3e22045291
516c1baa4e2fc31f8f57cbea1d504770,3232377.8943961863,14831834.55503426,11655824.898072135,36390435.43148796,115.49,4241434fd1862869b77f1f3e22045291
74d61aaa964b10e54c974482730613dc,3232377.8943961863,14831834.55503426,11655824.898072135,36390435.43148796,115.49,4241434fd1862869b77f1f3e22045291
bcdfe2c6e22c461f814a418818d820fd,3232377.8943961863,14831834.55503426,11655824.898072135,36390435.43148796,115.49,4241434fd1862869b77f1f3e22045291
99bc6fecb75e321f7da4c25d39b63945,3228522.005166933,14828142.579278773,11647545.536919808,36378388.20287471,103.92,a5eb08e9ed8b23eb403a72006e304a56
516c1baa4e2fc31f8f57cbea1d504770,3228522.005166933,14828142.579278773,11647545.536919808,36378388.20287471,103.92,a5eb08e9ed8b23eb403a72006e304a56
74d61aaa964b10e54c974482730613dc,3228522.005166933,14828142.579278773,11647545.536919808,36378388.20287471,103.92,a5eb08e9ed8b23eb403a72006e304a56
bcdfe2c6e22c461f814a418818d820fd,3228522.005166933,14828142.579278773,11647545.536919808,36378388.20287471,103.92,a5eb08e9ed8b23eb403a72006e304a56
99bc6fecb75e321f7da4c25d39b63945,3228511.2049238794,14828082.097571325,11647502.2825345,36378242.099219695,103.92,2d721e9205dd75bd3976a9aa0b76e618
516c1baa4e2fc31f8f57cbea1d504770,3228511.2049238794,14828082.097571325,11647502.2825345,36378242.099219695,103.92,2d721e9205dd75bd3976a9aa0b76e618
74d61aaa964b10e54c974482730613dc,3228511.2049238794,14828082.097571325,11647502.2825345,36378242.099219695,103.92,2d721e9205dd75bd3976a9aa0b76e618
bcdfe2c6e22c461f814a418818d820fd,3228511.2049238794,14828082.097571325,11647502.2825345,36378242.099219695,103.92,2d721e9205dd75bd3976a9aa0b76e618
99bc6fecb75e321f7da4c25d39b63945,3228504.0020941286,14828041.76149374,11647473.43559358,36378144.66069468,103.92,d9f7dff69e85794191e06015a6086b34
516c1baa4e2fc31f8f57cbea1d504770,3228504.0020941286,14828041.76149374,11647473.43559358,36378144.66069468,103.92,d9f7dff69e85794191e06015a6086b34
74d61aaa964b10e54c974482730613dc,3228504.0020941286,14828041.76149374,11647473.43559358,36378144.66069468,103.92,d9f7dff69e85794191e06015a6086b34
bcdfe2c6e22c461f814a418818d820fd,3228504.0020941286,14828041.76149374,11647473.43559358,36378144.66069468,103.92,d9f7dff69e85794191e06015a6086b34
99bc6fecb75e321f7da4c25d39b63945,3228482.4656331744,14827921.15662176,11647387.183240222,36377853.31950489,103.92,9adecd0aecacb7b08baabac0c9d2f811
516c1baa4e2fc31f8f57cbea1d504770,3228482.4656331744,14827921.15662176,11647387.183240222,36377853.31950489,103.92,9adecd0aecacb7b08baabac0c9d2f811
74d61aaa964b10e54c974482730613dc,3228482.4656331744,14827921.15662176,11647387.183240222,36377853.31950489,103.92,9adecd0aecacb7b08baabac0c9d2f811
bcdfe2c6e22c461f814a418818d820fd,3228482.4656331744,14827921.15662176,11647387.183240222,36377853.31950489,103.92,9adecd0aecacb7b08baabac0c9d2f811
99bc6fecb75e321f7da4c25d39b63945,3228428.4043943244,14827618.411950547,11647170.670922523,36377121.989242144,103.92,499b92fb231235d07f2047cdc97bb6e1
516c1baa4e2fc31f8f57cbea1d504770,3228428.4043943244,14827618.411950547,11647170.670922523,36377121.989242144,103.92,499b92fb231235d07f2047cdc97bb6e1
74d61aaa964b10e54c974482730613dc,3228428.4043943244,14827618.411950547,11647170.670922523,36377121.989242144,103.92,499b92fb231235d07f2047cdc97bb6e1
bcdfe2c6e22c461f814a418818d820fd,3228428.4043943244,14827618.411950547,11647170.670922523,36377121.989242144,103.92,499b92fb231235d07f2047cdc97bb6e1
99bc6fecb75e321f7da4c25d39b63945,3225696.982411692,14820739.10234268,11639599.494238054,36359032.84468165,107.79,efc27bde734b6da88040a81f8bdddf24
516c1baa4e2fc31f8f57cbea1d504770,3225696.982411692,14820739.10234268,11639599.494238054,36359032.84468165,107.79,efc27bde734b6da88040a81f8bdddf24
74d61aaa964b10e54c974482730613dc,3225696.982411692,14820739.10234268,11639599.494238054,36359032.84468165,107.79,efc27bde734b6da88040a81f8bdddf24
bcdfe2c6e22c461f814a418818d820fd,3225696.982411692,14820739.10234268,11639599.494238054,36359032.84468165,107.79,efc27bde734b6da88040a81f8bdddf24
99bc6fecb75e321f7da4c25d39b63945,3222688.161402247,14818203.942057464,11633277.31381525,36350406.97383031,113.72,e7ec53ddbfc0344fd933f6a564e1a495
516c1baa4e2fc31f8f57cbea1d504770,3222688.161402247,14818203.942057464,11633277.31381525,36350406.97383031,113.72,e7ec53ddbfc0344fd933f6a564e1a495
74d61aaa964b10e54c974482730613dc,3222688.161402247,14818203.942057464,11633277.31381525,36350406.97383031,113.72,e7ec53ddbfc0344fd933f6a564e1a495
bcdfe2c6e22c461f814a418818d820fd,3222688.161402247,14818203.942057464,11633277.31381525,36350406.97383031,113.72,e7ec53ddbfc0344fd933f6a564e1a495
99bc6fecb75e321f7da4c25d39b63945,3222670.6027450683,14818160.08108594,11633228.78814094,36350291.50075277,113.72,cdc9f9e17f2b9cd54bf476f07e6266e1
516c1baa4e2fc31f8f57cbea1d504770,3222670.6027450683,14818160.08108594,11633228.78814094,36350291.50075277,113.72,cdc9f9e17f2b9cd54bf476f07e6266e1
74d61aaa964b10e54c974482730613dc,3222670.6027450683,14818160.08108594,11633228.78814094,36350291.50075277,113.72,cdc9f9e17f2b9cd54bf476f07e6266e1
bcdfe2c6e22c461f814a418818d820fd,3222670.6027450683,14818160.08108594,11633228.78814094,36350291.50075277,113.72,cdc9f9e17f2b9cd54bf476f07e6266e1
99bc6fecb75e321f7da4c25d39b63945,3225551.3704685667,14820507.422560595,11639249.918813348,36358371.15909391,107.32,4727e67a56d9b67254b23f3a8ce3c7d9
516c1baa4e2fc31f8f57cbea1d504770,3225551.3704685667,14820507.422560595,11639249.918813348,36358371.15909391,107.32,4727e67a56d9b67254b23f3a8ce3c7d9
74d61aaa964b10e54c974482730613dc,3225551.3704685667,14820507.422560595,11639249.918813348,36358371.15909391,107.32,4727e67a56d9b67254b23f3a8ce3c7d9
bcdfe2c6e22c461f814a418818d820fd,3225551.3704685667,14820507.422560595,11639249.918813348,36358371.15909391,107.32,4727e67a56d9b67254b23f3a8ce3c7d9
99bc6fecb75e321f7da4c25d39b63945,3225577.476028481,14820549.48439611,11639312.801734235,36358490.96567814,107.32,424b371bdd4ffa24231ba0638e725d24
516c1baa4e2fc31f8f57cbea1d504770,3225577.476028481,14820549.48439611,11639312.801734235,36358490.96567814,107.32,424b371bdd4ffa24231ba0638e725d24
74d61aaa964b10e54c974482730613dc,3225577.476028481,14820549.48439611,11639312.801734235,36358490.96567814,107.32,424b371bdd4ffa24231ba0638e725d24
bcdfe2c6e22c461f814a418818d820fd,3225577.476028481,14820549.48439611,11639312.801734235,36358490.96567814,107.32,424b371bdd4ffa24231ba0638e725d24
99bc6fecb75e321f7da4c25d39b63945,3225459.873523631,14820360.115215698,11639029.567317082,36357951.50753111,107.32,ca61aeab3a2337a10592944e3d3c5a74
516c1baa4e2fc31f8f57cbea1d504770,3225459.873523631,14820360.115215698,11639029.567317082,36357951.50753111,107.32,ca61aeab3a2337a10592944e3d3c5a74
74d61aaa964b10e54c974482730613dc,3225459.873523631,14820360.115215698,11639029.567317082,36357951.50753111,107.32,ca61aeab3a2337a10592944e3d3c5a74
bcdfe2c6e22c461f814a418818d820fd,3225459.873523631,14820360.115215698,11639029.567317082,36357951.50753111,107.32,ca61aeab3a2337a10592944e3d3c5a74
99bc6fecb75e321f7da4c25d39b63945,3232513.9440653035,14831470.408060953,11655919.180773836,36389752.57399086,115.49,c207346c98325f81db7a23e4da078710
516c1baa4e2fc31f8f57cbea1d504770,3232513.9440653035,14831470.408060953,11655919.180773836,36389752.57399086,115.49,c207346c98325f81db7a23e4da078710
74d61aaa964b10e54c974482730613dc,3232513.9440653035,14831470.408060953,11655919.180773836,36389752.57399086,115.49,c207346c98325f81db7a23e4da078710
bcdfe2c6e22c461f814a418818d820fd,3232513.9440653035,14831470.408060953,11655919.180773836,36389752.57399086,115.49,c207346c98325f81db7a23e4da078710
99bc6fecb75e321f7da4c25d39b63945,3222477.3798519974,14817677.264477756,11632694.730297038,36349020.44571418,113.42,ff4b72bca181b95c5cdd7679c4dc312f
516c1baa4e2fc31f8f57cbea1d504770,3222477.3798519974,14817677.264477756,11632694.730297038,36349020.44571418,113.42,ff4b72bca181b95c5cdd7679c4dc312f
74d61aaa964b10e54c974482730613dc,3222477.3798519974,14817677.264477756,11632694.730297038,36349020.44571418,113.42,ff4b72bca181b95c5cdd7679c4dc312f
bcdfe2c6e22c461f814a418818d820fd,3222477.3798519974,14817677.264477756,11632694.730297038,36349020.44571418,113.42,ff4b72bca181b95c5cdd7679c4dc312f
99bc6fecb75e321f7da4c25d39b63945,3236785.719552427,14836724.980187764,11665557.471256776,36405708.45786337,118.15,b8b40b772d86ab0dc642a7ead5284e72
516c1baa4e2fc31f8f57cbea1d504770,3236785.719552427,14836724.980187764,11665557.471256776,36405708.45786337,118.15,b8b40b772d86ab0dc642a7ead5284e72
74d61aaa964b10e54c974482730613dc,3236785.719552427,14836724.980187764,11665557.471256776,36405708.45786337,118.15,b8b40b772d86ab0dc642a7ead5284e72
bcdfe2c6e22c461f814a418818d820fd,3236785.719552427,14836724.980187764,11665557.471256776,36405708.45786337,118.15,b8b40b772d86ab0dc642a7ead5284e72
99bc6fecb75e321f7da4c25d39b63945,3236731.802512188,14836602.823270215,11665413.476804346,36405381.94660232,118.15,250e6e1a659c831d3923500bb14442e8
516c1baa4e2fc31f8f57cbea1d504770,3236731.802512188,14836602.823270215,11665413.476804346,36405381.94660232,118.15,250e6e1a659c831d3923500bb14442e8
74d61aaa964b10e54c974482730613dc,3236731.802512188,14836602.823270215,11665413.476804346,36405381.94660232,118.15,250e6e1a659c831d3923500bb14442e8
bcdfe2c6e22c461f814a418818d820fd,3236731.802512188,14836602.823270215,11665413.476804346,36405381.94660232,118.15,250e6e1a659c831d3923500bb14442e8
99bc6fecb75e321f7da4c25d39b63945,3236769.5432398836,14836688.32638982,11665514.268113222,36405610.48824529,118.15,22a661dc7f2ca6f3899c6afb63e2df81
99bc6fecb75e321f7da4c25d39b63945,3236747.97482316,14836639.454659227,11665456.66392182,36405479.86208788,118.15,a3fff9b7c3cd667cacd6c541c3c5a695
99bc6fecb75e321f7da4c25d39b63945,3228310.3528889227,14826909.43767152,11646678.720719172,36375417.71210945,100.66,1ddedb7c5763e42726e412ae1a88160f
516c1baa4e2fc31f8f57cbea1d504770,3228310.3528889227,14826909.43767152,11646678.720719172,36375417.71210945,100.66,1ddedb7c5763e42726e412ae1a88160f
74d61aaa964b10e54c974482730613dc,3228310.3528889227,14826909.43767152,11646678.720719172,36375417.71210945,100.66,1ddedb7c5763e42726e412ae1a88160f
bcdfe2c6e22c461f814a418818d820fd,3228310.3528889227,14826909.43767152,11646678.720719172,36375417.71210945,100.66,1ddedb7c5763e42726e412ae1a88160f
99bc6fecb75e321f7da4c25d39b63945,3228312.530080199,14826920.740011312,11646687.08411129,36375445.17034562,100.66,fd9cd51e3c889beb7b75704c19861bff
516c1baa4e2fc31f8f57cbea1d504770,3228312.530080199,14826920.740011312,11646687.08411129,36375445.17034562,100.66,fd9cd51e3c889beb7b75704c19861bff
74d61aaa964b10e54c974482730613dc,3228312.530080199,14826920.740011312,11646687.08411129,36375445.17034562,100.66,fd9cd51e3c889beb7b75704c19861bff
bcdfe2c6e22c461f814a418818d820fd,3228312.530080199,14826920.740011312,11646687.08411129,36375445.17034562,100.66,fd9cd51e3c889beb7b75704c19861bff
99bc6fecb75e321f7da4c25d39b63945,3229758.0643727337,14821542.228657454,11647084.83218268,36364807.30015037,113.11,f268ee0b6ef6badd6fbfb824f1bbabdf
516c1baa4e2fc31f8f57cbea1d504770,3229758.0643727337,14821542.228657454,11647084.83218268,36364807.30015037,113.11,f268ee0b6ef6badd6fbfb824f1bbabdf
74d61aaa964b10e54c974482730613dc,3229758.0643727337,14821542.228657454,11647084.83218268,36364807.30015037,113.11,f268ee0b6ef6badd6fbfb824f1bbabdf
bcdfe2c6e22c461f814a418818d820fd,3229758.0643727337,14821542.228657454,11647084.83218268,36364807.30015037,113.11,f268ee0b6ef6badd6fbfb824f1bbabdf
99bc6fecb75e321f7da4c25d39b63945,3229753.06231408,14821546.257010793,11647077.620264007,36364811.43155516,113.11,fc330f0bffba3e7b5a612199a98a1ce0
516c1baa4e2fc31f8f57cbea1d504770,3229753.06231408,14821546.257010793,11647077.620264007,36364811.43155516,113.11,fc330f0bffba3e7b5a612199a98a1ce0
74d61aaa964b10e54c974482730613dc,3229753.06231408,14821546.257010793,11647077.620264007,36364811.43155516,113.11,fc330f0bffba3e7b5a612199a98a1ce0
bcdfe2c6e22c461f814a418818d820fd,3229753.06231408,14821546.257010793,11647077.620264007,36364811.43155516,113.11,fc330f0bffba3e7b5a612199a98a1ce0
99bc6fecb75e321f7da4c25d39b63945,3229743.927821192,14821553.66563483,11647064.47115471,36364819.09321523,113.11,1a41e8657c3273f16e0f6654d2bcdeba
516c1baa4e2fc31f8f57cbea1d504770,3229743.927821192,14821553.66563483,11647064.47115471,36364819.09321523,113.11,1a41e8657c3273f16e0f6654d2bcdeba
74d61aaa964b10e54c974482730613dc,3229743.927821192,14821553.66563483,11647064.47115471,36364819.09321523,113.11,1a41e8657c3273f16e0f6654d2bcdeba
bcdfe2c6e22c461f814a418818d820fd,3229743.927821192,14821553.66563483,11647064.47115471,36364819.09321523,113.11,1a41e8657c3273f16e0f6654d2bcdeba
99bc6fecb75e321f7da4c25d39b63945,3229785.095934204,14821519.433039112,11647123.39544111,36364782.67442023,112.85,746b3e0604dcb2d11ffb73331506ac2a
516c1baa4e2fc31f8f57cbea1d504770,3229785.095934204,14821519.433039112,11647123.39544111,36364782.67442023,112.85,746b3e0604dcb2d11ffb73331506ac2a
74d61aaa964b10e54c974482730613dc,3229785.095934204,14821519.433039112,11647123.39544111,36364782.67442023,112.85,746b3e0604dcb2d11ffb73331506ac2a
bcdfe2c6e22c461f814a418818d820fd,3229785.095934204,14821519.433039112,11647123.39544111,36364782.67442023,112.85,746b3e0604dcb2d11ffb73331506ac2a
99bc6fecb75e321f7da4c25d39b63945,3229779.545950158,14821523.863997258,11647115.378058575,36364787.17174401,113.11,abe744fa00a0cb21c377d881a1355f59
99bc6fecb75e321f7da4c25d39b63945,3216939.3314461587,14805711.553899555,11618137.157673536,36316786.26792327,124.09,e550ef96fa9b84f3539cf3404e5c1fe8
516c1baa4e2fc31f8f57cbea1d504770,3216939.3314461587,14805711.553899555,11618137.157673536,36316786.26792327,124.09,e550ef96fa9b84f3539cf3404e5c1fe8
74d61aaa964b10e54c974482730613dc,3216939.3314461587,14805711.553899555,11618137.157673536,36316786.26792327,124.09,e550ef96fa9b84f3539cf3404e5c1fe8
bcdfe2c6e22c461f814a418818d820fd,3216939.3314461587,14805711.553899555,11618137.157673536,36316786.26792327,124.09,e550ef96fa9b84f3539cf3404e5c1fe8
