Õ‡ÍÎÓÌ,¿ÁËÏÛÚ,k,ÕÓ·,Õ˝Ù,PÔÎ,¬Âı,ÕËÁ,Xf,Hf,Wf,JD,FCD,Ã Ô,œÓÔÔ‡ÌÚ,–ÔÎ ’ÓÌÂ,›ÙÙ, ÓÌˆ,√ÂÎ¸,Ã ·,V ÔÓ‰,V „ÂÎ¸,—Í‚‡ÊËÌ‡
90.0,350.3,6.0,28.0,7.0,235.0,3036.0,3036.0,85.9,36.4,3.09,0.43,1.94,29.4,‘Œ–16/20,260.0,30.0,900.0,3.6,122.4,35.0,105.0,c8d3db6d83f37047c60384cb1b539753
90.0,350.28,5.0,19.3,6.0,230.0,3010.0,3010.0,116.1,33.9,3.3,0.51,2.3,39.4,‘Œ–16/20+‘Œ–12/18,210.0,62.0,900.0,3.6,251.0,45.0,135.0,64fcc93f7557e22482c171cac2e07d82
5.5,232.0,1.0,35.2,1.0,340.0,2562.0,2563.0,67.4,57.8,2.5,0.47,7.61,29.4,‘Œ–20/40+‘Œ–16/20+‘Œ–12/18+‘16/20RCP+‘Œ–,417.0,66.0,1000.0,3.6,157.3,27.0,100.0,769538952a9ef5cfdccc448c99d1083d
8.2,123.0,5.0,30.0,7.0,225.0,3064.0,3084.0,152.2,31.3,7.17,,2.47,104.8,‘Œ–16/20+RCP 12/18,236.6,46.3,1100.0,3.09090909090909,1.52621942353872,80.0,167.0,eed5d3a5a07be904e34fcd8c899364e2
1.22,244.0,2.8,26.8,4.0,240.0,2734.0,2744.0,64.1,50.7,3.01,0.46,7.72,29.8,0+For16/20+For12/18+0+For12/18RCP,280.0,76.0,1000.0,3.6,187.0,30.0,95.0,4e29304383706ddf0bce27b8017c0b47
7.0,135.0,6.0,20.0,8.0,225.0,3100.0,3120.0,165.2,34.8,4.28,,1.65,69.8,‘Œ–16/20+‘Œ–12/18+RCP 12/18,245.9,52.0,1110.0,3.1284916201117303,3.4126009285318704,55.0,168.0,bf6c53c69618b430efe0e126acbfc77a
,,,19.0,7.0,,2708.0,2724.0,149.7,,4.96,,2.34,79.8,16/20 Fore+12/18  Foreprop+12/18Foreprop,,,,28.0,103.0,60.0,180.0,f345cb3d91cd58b85c6848253fe27fbd
7.5,110.0,4.0,16.0,7.0,224.0,2956.0,2972.0,113.5,32.5,5.49,,3.34,69.8,‘Œ–16/20+RCP 12/18,202.4,34.4,1100.0,3.121951219512201,1.63392437199377,65.0,123.0,1f60232d501d273670259f0002142696
2.5,150.0,5.0,36.0,6.0,225.0,2599.0,2610.0,90.4,36.1,2.8,,2.58,24.8,‘Œ–16/20,230.0,48.0,870.0,3.18181818181818,1.5104166666666698,30.0,83.3,699fe16640ad6f66d37d491a38bf4623
8.6,202.0,5.0,38.0,3.0,225.0,2776.0,2792.0,130.7,41.6,2.98,,1.49,54.8,‘Œ–16/20+‘Œ–12/18+RCP 12/18,281.0,52.0,1109.0,3.09774436090226,3.222060957910009,45.0,124.4,2326c5a8e8c7d3d752cf16e8d29515de
,,,14.0,8.0,,2532.0,2540.0,106.3,,2.9,,1.94,29.8,16/20 Fore+12/18Foreprop RCP,,,,28.0,158.0,20.0,67.0,107b4456d0f5f8604e72616bfeeee18b
,,,22.2,4.0,,2828.0,2848.0,146.1,,4.7,,1.85,62.8,16/20 Fore+12/18  Foreprop+12/18Foreprop,,,,28.0,83.6,50.0,143.0,3234a53945862051749f66a8aa0b78f9
6.0,186.0,5.0,18.0,5.0,225.0,2566.0,2584.0,114.0,26.8,3.83,,2.15,29.8,‘Œ–16/20+RCP 12/18,247.0,55.0,782.0,2.96610169491525,1.8680363369313002,23.0,95.0,81b03b50b749c7fb9d88243d2d420205
,,,19.0,10.0,,2551.0,2570.0,116.6,,36.5,,4.37,72.8,16/20 Fore+12/18  Foreprop+12/18Foreprop,,,,28.0,99.5,60.0,210.0,3a36efb8cb6fe16ed8f67ab3f1c55254
5.4,85.0,4.0,17.0,4.0,224.0,2680.0,2697.0,152.1,23.3,4.76,,1.8,54.8,‘Œ–16/20+‘Œ–12/18+RCP 12/18,239.7,27.8,1130.0,3.1351351351351404,3.52890433252034,65.0,158.0,45307e922796c3f2729f9c8a0329c505
9.14,302.0,3.0,35.0,10.0,135.0,2385.0,2401.0,81.8,29.8,4.23,0.51,6.75,30.8,0+‘Œ–16/20+‘Œ–12/18+0+‘Œ–12/18RCP,195.0,57.0,1100.0,3.6,205.0,45.0,120.0,ea9eb352e2af03f62402ac55be495feb
2.6,107.0,5.0,34.0,4.0,250.0,2436.0,2445.0,108.2,20.6,2.58,,1.48,24.8,‘Œ–16/20+RCP 12/18,250.0,43.0,1001.0,3.09489051094891,3.2634338138925294,25.0,54.5,84ffc9e3db5a6d42a0fdacf0a5114e41
4.4,250.0,6.0,10.0,4.0,227.0,2864.0,2884.0,97.1,37.1,3.98,,2.17,39.8,‘Œ–16/20+RCP 12/18,283.0,70.0,903.0,3.11111111111111,2.18531468531469,23.0,118.0,23fbbfd751667ca3ea867ad527568232
,,,33.6,4.0,,2976.0,3000.0,146.4,,2.9,,1.6,79.7,16/30+12/18+12/18 RCP,,,,26.0,27.9,45.0,223.3,aa645f9f54a60c38ee5b16458b7e7cf2
,,,23.0,4.0,,3251.0,3261.0,69.9,,4.7,,5.6,39.7,16/30+12/18+12/18 RCP,,,,25.0,30.4,21.0,138.4,f53a2c38f34891b7e4d6abee97310b75
,,,19.0,4.0,,2846.0,2856.0,116.4,,3.8,,2.5,43.8,16/20 Fore+12/18  Foreprop+12/18Foreprop,,,,28.0,59.0,25.0,97.0,5802df19871a6aed48dc19bf9ce69046
,,,19.6,5.0,,2760.0,2773.0,104.4,,6.0,,5.04,54.8,16/20 Fore+12/18  Foreprop+12/18Foreprop,,,,,74.5,55.0,145.8,41191393a514bca093c523acfe04759f
1.4,340.0,6.0,6.0,4.0,225.0,2361.0,2368.0,75.5,35.4,4.22,,3.71,29.8,‘Œ–16/20+‘Œ–12/18+RCP 12/18,249.0,55.3,1000.0,3.2,5.7,30.0,65.3,7709ba31a07079eb99c9a6e603a7f955
6.0,234.0,5.0,22.0,8.0,224.0,2552.0,2558.0,74.7,29.3,2.39,,0.42,14.8,‘Œ–16/20+RCP 12/18,258.0,49.0,1000.0,3.0,5.7,14.0,33.4,644c2322bf8c1ecbce7e578eb81fa842
,,,29.0,7.0,,3170.0,3186.0,153.7,,5.08,,2.53,84.8,16/20 Fore+12/18  Foreprop+12/18Foreprop,,,,30.0,123.0,60.0,197.1,053c7b37c95c4617f331791134227db7
,,,10.2,3.0,,2589.0,2599.0,123.8,,3.4,,1.72,55.8,16/20 Fore+12/18  Foreprop+12/18Foreprop,,,,,75.8,60.0,150.7,36ccb5a141baca1eac83e3fd5b2e4006
3.31,245.0,4.0,38.0,7.0,190.0,2561.0,2585.0,105.12,49.119,5.0005,0.544,4.36,79.8,‘Œ–16/20+‘Œ–12/18+‘Œ–12/18RCP,269.0,80.0,1100.0,3.6,379.2,90.0,,eba55afd6154ccb1f102b29e55feac11
,,,12.6,6.0,,3080.0,3092.0,152.95,,4.36,,1.81,69.8,16/20 Fore+12/18  Foreprop+12/18Foreprop,,,,30.0,98.0,60.0,172.7,8691aa2a0555c8ecf7a7dc5cb59da057
3.2,285.0,5.0,10.0,6.0,225.0,2373.0,2383.0,132.9,33.3,5.07,,2.65,54.8,‘Œ–16/20+‘Œ–12/18+RCP 12/18,247.0,50.0,1014.0,3.07692307692308,3.4559386973180097,40.0,119.0,2f70ab72a25df7d2c2c4c12eabac53b2
5.5,281.0,6.0,29.0,8.0,225.0,2590.0,2598.0,126.1,23.1,1.71,,0.83,14.8,‘Œ–16/20+RCP 12/18,248.5,55.8,900.0,3.0,3.28063228761248,15.0,49.0,388ce77c9326a8ca9bf81af1793dd10f
,,,39.2,8.0,,2904.0,2940.0,152.5,,2.6,,1.8,59.7,16/30+12/18+12/18 RCP,,,,26.0,28.4,30.0,183.9,e4065cec4c7309bf698e9bb35e7410d5
4.3,9.0,5.0,9.0,4.0,226.0,2459.0,2468.0,102.0,46.5,4.14,,2.72,54.8,‘Œ–16/20+‘Œ–12/18+RCP 12/18,259.0,37.0,1114.0,3.30075187969925,3.2931156848829,50.0,129.0,93fe6fe98c9e803d3e734ecc836d700c
5.4,270.0,7.0,10.0,6.0,224.0,2958.0,2968.0,128.2,24.1,5.53,,1.81,44.8,‘Œ–16/20+‘Œ–12/18+RCP 12/18,241.6,39.4,1200.0,3.04347826086957,1.54203855286928,35.0,101.0,323f5a71efc9280fcd2ac4197f36b572
,,,13.4,7.0,,2599.0,2610.0,149.4,,3.3,,1.41,59.8,16/20 Fore+12/18  Foreprop+12/18Foreprop,,,,28.0,65.7,36.0,130.0,cbe36da0a4d1deebba416c2e009b9ef0
,,,11.4,6.0,,2646.0,2658.0,144.2,,5.1,,2.43,59.8,16/20 Fore+12/18  Foreprop+12/18Foreprop,,,,28.0,65.7,36.0,130.0,ad448f651f077f51f1975bf54aa6e619
3.1,289.0,3.0,36.6,18.0,134.0,2476.0,2495.0,108.51,28.653000000000002,6.2358,0.59,7.7717,59.8,0+‘Œ–16/20+‘Œ–12/18+0+‘Œ–12/18RCP,200.0,38.7,1100.0,3.6,310.2,80.0,200.0,84bb8989077a42475e6eda737c24b084
7.2,297.0,7.0,12.0,3.0,225.0,2716.0,2728.0,98.2,34.8,2.94,,1.65,22.8,‘Œ–16/20+RCP 12/18,257.0,55.0,901.0,3.03951367781155,3.34224598930481,16.0,61.8,c6e8bc28c76575e4e260ecb0615cf820
,,,22.2,3.0,,2941.0,2958.0,141.0,,4.53,,3.27,59.8,16/20 Fore+12/18  Foreprop+12/18Foreprop,,,,30.0,70.0,32.0,120.0,17fef7979c2165e83ffe13fa77fb4b2d
,,,36.4,11.0,,2541.0,2557.0,159.9,,5.67,,3.7,89.8,16/20 Fore+12/18  Foreprop+12/18Foreprop,,,,28.0,108.0,48.0,181.0,b096ff65fdedb9b12216e48c146ec6e3
,,,18.0,9.0,,3010.0,3027.0,110.9,,4.0,,2.17,54.8,16/20 Fore+12/18  Foreprop+12/18Foreprop,,,,28.0,69.5,25.0,130.0,9d51046a3937bb92f09e7b051a3f8d72
,,,20.2,8.0,,2898.0,2908.0,125.0,,3.56,,2.95,58.8,16/20 Boro+12/18  Foreprop+12/18Foreprop,,,,,83.0,50.0,136.0,6feafe3b26a5897dfcc35d6cac079918
7.5,303.0,5.0,23.0,8.0,225.0,2687.0,2695.0,78.7,27.3,2.27,,2.02,12.8,‘Œ–16/20+RCP 12/18,249.0,34.0,1001.0,3.0,3.1125827814569504,11.0,26.4,46171066a30a051265d496e712652f72
5.9,286.0,3.0,34.8,13.0,159.0,2917.0,2932.0,111.2,40.0,4.34,0.57,4.99,59.8,0+‘Œ–16/20+‘Œ–12/18+0+‘Œ–12/18RCP,193.0,59.0,1100.0,3.6,335.0,60.0,220.0,1ff7059b2cad138a0733080d30e2b7f9
7.6,242.0,1.7,44.0,13.0,227.0,3212.0,3220.0,111.8,28.0,6.21,,11.76,59.8,‘Œ–16/20+‘Œ–12/18+‘Œ–12/18RCP,205.68,47.7,902.0,3.4,221.8,50.0,88.0,798dfaf310560d3b3ccb245668d82f22
6.4,304.0,5.0,14.0,6.0,225.0,2898.0,2911.0,157.1,38.86,4.93,,2.52,69.8,‘Œ–16/20+‘Œ–12/18+RCP 12/18,243.0,51.0,1090.0,3.0,7.0,70.0,158.4,e3522abc028d4eb088ed356cd3d2e49c
12.4,287.0,6.0,26.0,7.0,226.0,3322.0,3327.0,107.6,24.3,1.92,,1.32,12.8,‘Œ–16/20+RCP 12/18,252.0,72.0,910.0,3.0405405405405403,3.11340206185567,10.0,33.0,0b0688c9273d26bdd4870035682648cf
2.36,240.0,2.4,22.0,8.0,226.0,2660.0,2674.0,106.12,58.28100000000001,4.3404,,6.9282,69.8,‘Œ–16/20+‘Œ–12/18+RCP 12/18,272.7,64.0,1000.0,3.4,286.5,50.0,170.0,b7154b754e07429ace34ce12bf6ebff0
9.4,311.0,5.0,20.0,9.0,226.0,3227.0,3247.0,136.6,42.7,4.27,,0.53,74.8,‘Œ–16/20+‘Œ–12/18+RCP 12/18,266.0,65.0,1000.0,3.0,7.7,60.0,169.8,a38049275cf8e4026f9e1a9d4f0951fd
,,,21.0,4.0,,2646.0,2658.0,108.0,,3.6,,7.5,49.7,16/30+12/18+12/18 RCP,,,,28.0,40.0,30.0,142.0,046568c4bd1c6343c5f932ef6a21b112
,,,32.8,7.0,,2447.0,2459.0,160.0,,4.7,,3.0,49.7,16/30+12/18+12/18 RCP,,,,26.0,25.6,20.0,139.4,ed9d29c6b7eb1204608e2741ead69c25
,,,20.0,8.0,,3239.0,3259.0,145.5,,5.4,,2.65,69.8,16/20 Fore+12/18  Foreprop+12/18Foreprop,,,,28.0,41.7,50.0,172.1,d792a2c1d8d26880a4a8f5f294e03045
4.3,144.0,4.0,20.0,11.0,227.0,2986.0,3007.0,134.6,25.3,7.45,,2.87,79.8,‘Œ–16/20+‘Œ–12/18+RCP 12/18,241.9,28.4,1150.0,3.4042553191489398,3.2972945634912203,85.0,209.0,e30682674316c62c504bfc54e4fb460b
,,,8.0,3.0,,2472.0,2480.0,64.668,,2.8242,,2.7229,29.7,16/20 Foreprop+12/18 Foreprop+12/18 Fore,,,,30.0,,25.0,132.5,c1e45aa4c4e7fd37dbcd247ab0302d07
9.1,127.0,5.0,15.0,3.0,226.0,2983.0,2991.0,146.8,31.0,3.53,,1.58,44.8,‘Œ–16/20+‘Œ–12/18+RCP 12/18,265.0,59.0,1003.0,3.1,3.1829573934837097,40.0,105.4,220ed0a1cd9f15ba3053f16405bb581d
10.0,202.0,2.7,22.0,9.0,108.0,3123.0,3140.0,87.5,42.7,6.0,0.53,8.71,69.8,‘Œ–16/20+‘Œ–12/18+‘Œ–12/18RCP,140.0,23.0,1100.0,3.6,351.3,95.0,230.0,93975028fa56d84f53887b672cc1256b
,,,12.0,4.0,,2432.0,2444.0,86.194,,2.8159,,3.3755,49.7,16/20 Foreprop+12/18 Foreprop+12/18 Fore,,,,30.0,,35.0,180.0,d66319ad6c73028717fd6d4c911ff3ba
,,,18.0,7.0,,2413.0,2431.0,137.0,,2.7,,1.0,49.7,16/30Fore + 12/18Fores + 12/18ForeRCP,,,,28.0,,40.0,153.5,c582fb9a885a77aaf3c29597b19f71c9
8.0,95.0,3.0,19.6,5.0,121.0,2773.0,2781.0,62.8,43.77,8.18,0.47,17.38,69.8,‘Ó16/20+‘Ó12/18+For12/18RCP,170.0,46.0,1100.0,3.6,300.8,100.0,215.0,744b75db1f4f30b28579246cfed2cd5b
7.0,162.0,5.0,29.0,6.0,250.0,2575.0,2588.0,131.7,33.5,3.89,,2.07,64.8,‘Œ–16/20+‘Œ–12/18+RCP 12/18,230.0,28.0,1017.0,3.1277777777777795,3.31851028349083,75.0,167.5,749bec5329ae4975b962a3b76c021abc
8.0,209.0,6.0,30.0,6.0,227.0,2914.0,2930.0,156.5,33.1,5.43,,1.93,84.8,‘Œ–16/20+RCP 12/18,207.0,34.1,1111.0,3.0833333333333304,1.6563527968362,75.0,138.0,75775ea5f538c99d1fb5f46b383cd08a
,,,22.8,2.0,,2793.0,2803.0,107.7,,2.6,,2.4,39.7,16/30+12/18+12/18 RCP,,,,28.0,39.0,18.0,126.0,a2d46cb2c0cce62767b4cd7dacc28d1e
,,,27.6,6.0,,2650.0,2660.0,102.7,,3.7,,3.7,39.7,16/30+12/18+12/18 RCP,,,,25.0,27.0,20.0,134.0,ce2fccc335c8beb19a29ac729f441211
6.0,350.0,6.0,16.0,8.0,226.0,2749.0,2765.0,136.2,25.7,5.75,,2.1,54.8,‘Œ–16/20+‘Œ–12/18+RCP 12/18,231.0,33.5,1140.0,3.0,3.35927015414471,55.0,136.0,b9e16cfb6864c2997566cc01a44d7e72
5.0,339.0,,20.0,8.0,120.0,,20.0,156.0,32.0,6.6,,2.1,105.0,‘Œ–16/20,135.0,46.0,1100.0,3.6,1.0,85.0,,5a6f924f9bac7b13d44b26d9a2927bf4
6.6,90.0,5.0,18.0,8.0,226.0,2616.0,2632.0,145.6,38.7,3.7,,1.71,69.8,‘Œ–16/20+‘Œ–12/18+RCP 12/18,222.0,41.0,1103.0,3.1081081081081097,3.2721010332950597,60.0,161.5,80d6bd4ef8b47a3dfd43d5623a081e76
4.2,192.0,5.0,22.0,4.0,227.0,2402.0,2424.0,117.7,37.8,3.48,,2.1,49.8,‘Œ–16/20+‘Œ–12/18+RCP 12/18,261.4,53.0,1107.0,3.23275862068966,3.2336297493936903,40.0,112.0,3fda519da8f720c7507f9817e7fed9ac
2.2,225.0,7.0,12.0,7.0,227.0,2797.0,2803.0,136.4,19.4,2.51,,1.07,14.8,‘Œ–16/20+RCP 12/18,249.0,48.0,903.0,3.03030303030303,1.42857142857143,20.0,34.5,3b33b93f93c2dd4cccadeaf9ddd9d671
,,,32.0,4.0,,3013.0,3024.0,109.9,,2.9,,3.6,39.7,16/30+12/18+12/18 RCP,,,,25.0,,17.0,,9d9c447a3f4544b56c9589367168e335
5.0,94.0,6.0,22.0,7.0,226.0,2412.0,2426.0,101.45,32.378,4.24,,2.05,43.0,‘Œ–16/20+‘Œ–12/18+RCP 12/18,210.5,30.6,1080.0,3.13333333333333,3.4469696969697003,55.0,80.0,8cba2420cb3bf133aecdbcc967c3f628
,,,17.0,6.0,,2843.0,2860.0,95.205,,2.9891,,2.5905,59.7,16/20 Foreprop+12/18 Foreprop+12/18 Fore,,,,30.0,,40.0,203.0,cb390f02ebff7e11c39217e334ff4ba4
,,,17.0,6.0,,,,137.46528600000002,,3.76244338355197,,2.16253921835595,49.701,16/30 Fores + 12/18 Boro + 8/14 RCP,,,,34.9999918,40.0,26.05,104.0,56c22d489907b380de190c17945e28d1
3.5,86.0,7.0,17.0,11.0,225.0,2371.0,2388.0,139.0,18.8,5.46,,1.79,44.8,‘Œ–16/20+‘Œ–12/18+RCP 12/18,203.1,33.9,1230.0,3.04,1.5520372190347702,45.0,111.0,38d49cedfcd1f024e56824b9a285b7e9
5.5,65.0,3.8,25.2,9.0,227.0,2873.0,2887.0,121.5,32.8,4.98,,2.69,69.8,‘Œ–16/20+RCP 12/18,234.7,37.7,1100.0,3.07692307692308,1.59598629358391,60.0,116.0,8624e651d8181e8464edc668a29973f8
4.0,242.0,,2312.0,30.0,227.0,,9.0,102.0,25.0,2.88,,2.5,20.0,‘Œ–16/20+‘Œ–12/18,204.0,41.0,1100.0,3.2,1.0,17.0,,ade7c5bca6460d966b8523b72197c598
,,,24.0,4.0,,2944.0,2964.0,94.0,,4.4,,2.4,49.7,16/30Fore + 12/18Fores + 12/18ForeRCP,,,,28.0,,40.0,162.0,8d2f1071fd97ab3f403e8ce847f4d43c
,,,15.0,4.0,,2816.0,2834.0,103.0,,4.41,,4.01892161214953,80.5,Borovichi 16/30+Borovichi 12/18+Borovich,,,,35.0,275.0,65.0,221.2,753e57acaa765da4b9fd44a612a30b4b
2.0,315.0,,34.0,8.0,227.0,,11.0,166.0,37.0,6.22,,2.1,120.0,‘Œ–16/20,191.0,21.0,1100.0,,2.0,110.0,,55f2b20ebe954493b876a5b2e6bc10bd
3.0,150.0,,20.0,12.0,225.0,,20.0,165.0,21.0,8.04,,5.2,90.0,‘Œ–16/20+‘Œ–12/18,176.0,30.0,1100.0,3.2,2.0,80.0,,8b6c2950e9411bab171d55c1c800845c
10.0,120.0,,13.0,9.0,225.0,,13.0,135.0,34.0,4.91,,3.6,70.0,‘Œ–16/20+‘Œ–12/18,226.0,43.0,1000.0,3.2,4.0,50.0,,a4ab7c0046095d0edaa9912a70bd9a24
8.6,16.0,7.0,10.0,2.0,227.0,2984.0,2996.0,110.5,35.3,2.85,,1.34,30.8,‘Œ–16/20+‘Œ–12/18+RCP 12/18,258.0,74.0,1003.0,3.01204819277108,1.4775413711583898,25.0,70.3,80e7e02703c102858eabdc9fe3b9bd17
14.6,74.0,,21.0,13.0,223.0,,16.0,176.4,42.4,4.2,,3.2,89.8,‘Œ–16/20+‘Œ–12/18,224.0,42.0,1100.0,3.2,1.52,85.0,,139f7e08e0ee1482519ba728cbc592a1
8.0,110.0,,20.0,9.0,223.0,,10.0,164.0,36.0,4.49,,3.6,80.0,‘Œ–16/20+‘Œ–12/18,220.0,34.0,1100.0,3.2,2.0,80.0,,f100d48d4b0b7d98cb5f17ae5dd6506c
4.0,103.0,,16.0,9.0,225.0,,11.0,190.0,35.0,3.86,,2.4,75.0,‘Œ–16/20+‘Œ–12/18,213.0,44.0,1100.0,3.2,2.0,50.0,,376092d0125ed4345b8882d332f005c9
2.6,356.0,3.7,26.0,8.0,225.0,2378.0,2388.0,134.35,36.49,4.9872,,3.0958,69.8,‘Œ–16/20+RCP 12/18,272.7,32.0,1100.0,3.2,279.2,65.0,175.0,68a7b98a35fac011108c1cd70ee49ed3
,,4.1,16.0,4.0,230.0,2344.0,2360.0,110.54,28.215999999999998,4.2605,,2.61,44.8,8+37,310.0,36.0,1000.0,3.4841628959276,3.74966887182744,40.0,110.5,c57ab4d735d4d664cde2e65923f7a444
8.3,247.0,3.0,20.0,7.0,132.0,3161.0,3180.0,91.16,45.215,5.46,0.54,7.44,69.8,For20/40+For16/20+For12/18+For16/20RCP+F,200.0,52.7,1100.0,3.6,350.0,90.0,230.0,f63abcb03598c7026c30a5e15c5f79fe
2.8,262.0,2.0,27.0,17.0,225.0,2368.0,2384.0,115.59,29.4,6.64,,13.23,65.1,‘Œ–16/20+‘Œ–12/18+RCP 12/18,202.0,23.0,1100.0,3.4,263.5,65.0,174.0,e601d74a6d367d4bf0fb74216adb95b5
4.5,247.0,2.3,25.0,12.0,225.0,2767.0,2776.0,127.0,24.5,6.6,,8.8,62.0,‘Œ–16/20+‘Œ–12/18+RCP 12/18,208.0,31.0,1090.0,3.2,265.0,60.0,169.0,5a4202dcf17adc169ba49fb8dcd29072
3.5,317.0,2.2,40.0,13.0,225.0,2417.0,2435.0,147.6,31.8,4.81,,6.46,69.8,‘Œ–16/20+‘Œ–12/18+‘Œ–12/18RCP,190.0,33.0,1003.0,3.4,306.0,80.0,186.0,6e853fc88aa5151c789e390a5d501499
2.5,171.0,3.4,22.0,6.0,235.0,2444.0,2456.0,152.0,31.3,3.5,0.55,1.85,49.4,‘Œ–16/20+‘Œ–12/18+‘Œ–12/18RCP,199.0,54.0,1000.0,3.6,263.0,45.0,151.0,a1917c7975c40face71c0090738836d6
11.2,288.0,6.6,2350.0,20.0,230.0,2682.0,2697.0,147.5,31.9,4.11,,5.54,59.8,‘Œ–16/20+‘Œ–12/18+‘Œ–12/18RCP,205.0,44.0,1099.0,3.4,246.5,70.0,168.0,7a959be39973208db7ae26ddea82fb8a
6.0,303.0,,20.6,17.0,226.0,,14.0,189.0,39.2,4.29,,3.2,74.8,‘Œ–16/20+‘Œ–12/18,248.0,41.0,1100.0,3.2,330.0,65.0,,04d7884a9f7019671285b87ca468d0f1
90.0,175.86,6.0,30.0,6.0,230.0,3232.0,3232.0,106.0,31.0,3.0,0.46,1.66,29.4,‘Œ–16/20,197.0,61.0,900.0,3.6,185.0,35.0,110.0,db9947ee0fbc7f53447ab68bca6af0a1
1.3,264.0,2.0,37.0,15.0,224.0,2513.0,2526.0,115.3,37.9,5.18,,7.21,69.8,‘Œ–16/20+‘Œ–12/18+‘Œ–12/18RCP,211.94400000000002,38.9,982.0,3.4,214.1,70.0,180.4,d147dc766cf90a35a2db9d26a82746aa
13.5,261.0,3.4,38.8,6.0,238.0,2788.0,2797.0,106.0,48.5,3.4,0.51,2.82,49.4,‘Œ–16/20+‘Œ–12/18+‘Œ–12/18RCP,240.0,72.0,996.0,3.6,262.8,50.0,152.0,3a64ba1b382ffeb0c514a4a569acff44
90.0,348.1,5.0,43.6,7.0,230.0,2817.0,2818.0,103.0,36.0,2.69,0.43,1.34,29.4,‘Œ–20/40+‘Œ–16/20,241.0,46.0,798.0,3.6,173.6,30.0,104.0,cda627efd1549ecb72fa7931685d5aa3
7.2,338.0,4.2,26.0,11.0,170.0,2522.0,2533.0,133.37,49.357,3.4977,0.55,2.3322,69.8,,240.0,58.5,1100.0,3.6,276.5,70.0,,8f3131afe66d3266c23142786786b265
4.8,137.0,5.1,48.0,7.0,190.0,2387.0,2400.0,62.463,35.0,5.8978,0.45,7.18,39.8,‘Œ–16/20+‘Œ–12/18+‘Œ–12/18RCP,180.0,52.0,1000.0,3.6,222.8,60.0,145.0,53514b4c4150ad897d82dd7d42cfc1a5
9.6,3.34,3.18,17.6,2.0,335.0,3497.0,3502.0,128.0,41.0,4.2779,0.27,3.5647,71.0,30/50 For,310.0,66.0,1100.0,0.3,40.7,35.0,,722e35e0a0013ae27c95bb176e71ac51
0.9,85.0,2.6,12.9,2.0,345.0,3320.0,3323.0,131.0,42.0,4.5003,0.27,4.6252,70.0,,310.0,64.0,1000.0,0.3,25.5,37.0,,fc73d9d98621e750b923524cfbc4d09b
10.52,48.91,0.8,5.9,4.0,401.0,,,159.1,54.2,4.3,0.742,8.72,86.5,,359.0,,1200.0,,340.0,60.0,,8d67775bcec7622c89b920ca2ef3a481
5.62,143.0,0.8,21.16,7.0,305.0,3090.0,3099.0,84.0,44.0,2.9358,0.29,15.263,40.0,,425.0,89.0,1200.0,0.3,23.7,13.0,,4571b100370d786862db8e03e3e38e5a
1.6,42.0,1.68,23.6,3.0,390.0,3366.0,3371.0,62.0,51.0,5.7947,0.31,13.547,50.0,,448.0,71.0,900.0,0.3,29.81,30.0,,86d369905963a6b3000df6ac750f9744
5.5,278.0,2.1,9.4,2.0,350.0,3615.0,3624.0,112.0,42.0,3.6357,0.32,7.9753,50.0,,420.0,89.0,1200.0,0.3,34.5,23.0,,38ffaacf7b8d60b68d9c7044141e54bc
2.5,288.0,2.1,22.9,2.0,380.0,3298.0,3304.0,125.0,43.0,4.7,0.32,6.2860000000000005,60.0,,404.0,86.0,1200.0,0.3,21.7,32.0,,44526ca6f359c464df4590a567301570
,,3.7,6.0,2.0,320.0,3413.0,3416.0,,,,,,49.5,Bor16/20+Bor12/18+Bor12/18 RCP,319.0,64.0,1100.0,0.3,76.6,21.0,,4543c6c76f3e160c48ed499b63dbe98b
1.0,,8.3,14.799999999999699,2.0,320.0,3466.0,3469.0,,,,,,49.5,CarboProp 16/20+Bor16/20 RCP,312.0,65.0,1200.0,0.3,42.2,22.0,,897268660bdb9f7de7311b8610eb7a4b
0.8,280.0,1.5,13.4,3.0,270.0,3190.0,3194.0,136.0,35.0,3.7032,0.23,5.5068,50.0,,122.0,62.0,1200.0,0.3,24.94,37.0,,b3ba577b74dc29690cf11505b902dade
0.78,277.6,5.4,3.9,3.0,320.0,3555.0,3559.0,,,,,,49.5,Fores16/20+Bor12/18+Bor12/18 RCP,258.0,45.0,1100.0,0.3,74.5,24.0,,02bd0350b7f0cef7af7ca50801d89810
2.9,8.8,4.0,3.5,3.0,315.0,3526.0,3531.0,,,,,,49.5,Bor16/20+Bor16/20 RCP,124.0,60.0,1200.0,0.3,83.1,32.0,,62848edc2daf57b827ae51885b02fc9d
0.6,,3.0,6.8,3.0,330.0,3203.0,3208.0,,,,,,49.5,Bor16/30+Bor16/20 RCP,343.0,69.0,1200.0,0.3,69.6,23.0,,5077f937d288284f83d9f260fa94087b
0.6,58.0,6.6,19.4,2.0,250.0,3329.0,3334.0,188.0,44.0,0.32865,0.33,2.5254,80.0,,231.0,24.0,1200.0,0.3,30.48,42.0,,15e27270654bb79bfa7c3b93f244fa8f
0.5,,7.0,2.4,2.0,340.0,3202.0,3207.0,66.0,32.0,5.85,,1.73160173160173,39.5,Bor 16/30+Bor 16/20 RCP,306.0,59.0,1200.0,0.35,30.2,20.0,,1c1e93a60bd298a468b52d2438424947
2.0,314.5,4.9,3.2,2.0,340.0,3495.0,3499.0,108.0,26.252,3.92,0.37,1.13,49.5,Bor 16/30+Bor 16/20 RCP,166.0,76.0,1200.0,0.33,66.2,18.0,,c5a7c4b92e1ee3d65032385f0326d33f
3.25,217.0,3.2,43.8,2.0,250.0,3260.0,3265.0,235.5,25.32,4.8048,0.32192550844094897,1.4598,79.8,16/20 Bor+16/20 ¬or RCP,228.0,68.0,1200.0,0.3,107.24,8.0,225.6,4b3b8c7d50e0417709d3ec24b9dfd6e5
0.1,,5.8,3.0,2.0,340.0,3340.0,3345.0,80.0,31.34800000000001,3.5,0.32,1.72,38.5,Bor 16/20+Bor 16/20 RCP,272.0,59.9,1200.0,0.35,55.95,15.0,,aa3dc72b6f40042634a2335fc2266082
3.9,,7.8,2.4,2.0,340.0,3208.0,3213.0,82.2,33.0,5.588571428571429,,1.2477384740158501,39.5,Bor 16/30+Bor 16/20 RCP,320.0,69.0,1200.0,0.35,29.9,15.5,,903fa3e3596caffef6481645d46a0dc3
86.74,135.2,1.5,13.200000000000301,6.0,300.0,3614.0,3626.0,,,,,,59.5,Bor16/20+Bor16/20 RCP,232.0,74.0,1200.0,0.3,68.92,24.0,,ceed2d69541596760b6691cf2e67051f
9.1,352.0,5.8,2.6,3.0,340.0,3225.0,3231.0,73.0,37.33,6.02,,2.47166626476971,41.43,Fores 16/20+Fores RCP 16/20,313.0,72.0,1222.0,0.35,930.0,14.0,,74847140da9cedde0dfa2fc40e6d6c74
1.27,190.0,3.0,31.2,5.0,230.0,2928.0,2934.0,66.0,63.0,2.8149,0.23,4.2212,30.0,,366.0,76.0,1000.0,0.3,46.73,12.0,,2ab4532d8cf5129fd9f58bd3fc181768
2.0,324.0,7.0,2.19000000000005,2.0,200.0,3362.0,3368.0,,,,,,99.5,Bor16/20+Bor16/20 RCP,218.0,61.5,1200.0,0.3,55.81,60.0,,1e84fd3c5c3081bbb511bcd72a0bdb39
4.4,150.6,7.2,3.89000000000033,3.0,174.0,3568.0,3574.0,,,,,,99.5,Bor16/20+Bor16/20 RCP,193.0,61.0,1200.0,0.35,99.7,60.0,,cb4db678d1df33abb07c246056965936
9.0,76.0,4.7,4.0,4.0,340.0,3684.0,3690.0,79.8,44.24,5.41222222222222,,2.3196288593825,43.42,Bor 16/20+Bor 16/20 RCP,261.0,62.0,1200.0,0.35,580.0,14.0,,cc3fecdd18ba142d01b791d6104c6ab2
2.0,80.0,4.3,3.4,3.0,306.0,3668.0,3673.0,71.0,40.07,8.253,,2.62037340320996,48.313,Bor 16/20+Fores 16/20 RCP,233.0,57.0,1250.0,0.35,759.0,20.67112914,,5a1a4d2b9e281e1c587b0395b39c01af
4.71,25.0,5.6,2.6,3.0,350.0,3644.0,3649.0,90.0,34.8,7.771111111111113,,1.58730158730159,46.3,Bor 16/20+Fores 16/20 RCP,253.0,68.0,1384.0,0.35,727.0,14.308,,f4bbc42a9a9e4d5096de8d52498f5776
1.35,,7.6,3.6,3.0,340.0,3323.0,3328.0,75.0,40.0,5.7,,1.3965,45.24100000000001,Bor 16/20+Bor 16/20 RCP,400.0,41.0,1269.0,0.33,100.0,12.05,,15a51a0de838bdb2a3a48d70278b43d5
1.4,,6.0,7.0,4.0,240.0,2700.0,2707.0,32.0,22.8,2.81,,3.2,12.5,Fores 30/50+Bor 16/20,237.0,51.0,1000.0,0.32,26.0,6.0,,2467cca915e0bdbef7f43572fa63af08
1.0,37.0,8.2,12.0,6.0,160.0,2822.0,2832.0,95.22200000000001,57.40600000000001,2.8343,,1.117,49.8,20+22+8,197.0,55.0,1100.0,3.6,39.8,45.0,138.0,5b12ff601bed87c192f8cbe5df6da67e
90.0,313.3,10.4,23.0,5.0,260.0,3324.0,3326.0,84.26,26.75,3.4445,0.4120840706214579,2.3401,25.0,‘Œ– 20/40+Õ»  16/20,199.2,39.8,900.0,3.6,128.58,25.0,,f40a9e2233259076d56d03799b4924bb
1.5,114.0,5.6,8.0,6.0,270.0,2633.0,2641.0,157.0,25.4,2.52,0.56,1.8,30.8,‘Œ–16/20+‘Œ–12/18+‘Œ–12/18RCP,309.0,68.0,1100.0,3.6,64.9,30.0,104.6,37d66216ace7c5a3fbc283b63f0db14e
90.0,154.52,2.5,20.1999999999998,8.0,250.0,3147.0,3147.0,82.333,33.233000000000004,4.6956,0.450973985816303,4.8182,41.0,¡ Œ 20/40+Õ» 16/20,183.0,40.0,900.0,7.5,154.4,50.0,,7b1dd93a87ca87671ab8efc25ea4852f
25.6,343.2,1.5,21.5,16.0,260.0,3019.0,3019.0,,,,,,68.0,Õ» 16/20+‘Œ–12/18+¡Œ–12/18RCP,,,1200.0,7.5,152.9,45.0,,a1596863c1e4fcd1a7760de750d0a3ad
8.1,355.0,3.8,12.0,7.0,260.0,3352.0,3361.0,145.32,34.779,3.8281,0.561343298109407,2.2108,59.8,‘Œ– 16/20+‘Œ– 12/18+‘Œ– 12/18 RCP,258.0,51.0,1000.0,7.5,127.5,50.0,,ecd199ba0e6015080633bd24e60d85cc
90.0,309.36,1.0,19.0,10.0,260.0,3567.0,3567.0,105.93,21.054000000000002,3.9595,0.475349000637182,3.1115,30.0,‘Œ– 20/40+Õ»  16/20+0+0+0,410.0,14.0,900.0,7.5,124.03,20.0,,2899a73a6ad221524f0493800e2fb3a6
17.81,341.28,0.7,19.0,5.0,270.0,3160.0,3198.0,111.48,17.96,4.5725,,17.942884694244,70.00010999999999,,312.0,55.516999999999996,1000.0,,230.0,65.0,,a2fc99d445adc1de96a7f467de2070c8
1.3,299.0,1.3,16.0,4.0,270.0,1.0,18.0,84.0,24.0,1.0,0.52,8.0,18.0,,411.0,20.0,1000.0,,8.0,18.0,,887d2c82cde2f458d2d6f44f9f38e26d
1.0,176.0,0.6,64.0,20.0,278.0,3349.0,3414.0,147.0,71.0,4.945185707177,,16.7,159.8,‘Œ–12/18RCP,280.0,41.6,1100.0,3.6,557.0,170.0,,68d84139c0c884fde6b803f8b3eca712
,204.52,0.7,11.0,5.0,295.0,2665.0,2676.0,105.13,10.902999999999999,2.1871,,12.490878762349,44.99998710000001,12/18 RCP,,,1100.0,,140.0,45.0,,2f80cdbb4d9d96f34f94a3bc64fa17af
2.6,66.0,2.2,23.0,7.0,240.0,2789.0,2798.0,74.4,40.7,6.34,0.5,12.54,59.8,‘Œ–16/20+Õ» 12/18+¡Œ–12/18RCP,260.0,28.0,1100.0,3.6,310.0,65.0,,1c3e7c589196c5cea949827dcfc3de64
0.42,121.0,1.1,16.0,5.0,260.0,2580.0,2588.0,119.1,46.9,2.92,0.62,8.28,49.8,‘Œ–16/20+‘Œ–12/18+‘Œ–12/18RCP,280.0,51.9,1000.0,3.6,218.1,50.0,,2423ea586bac0b9b070da889788ed34e
2.48,10.0,2.0,24.0,7.0,244.0,2870.0,2880.0,147.26,9.9868,6.8979,,3.5872,59.8,16/20‘Œ–+12/18‘Œ–+12/18¡Œ–RCP,260.0,39.0,1100.0,3.6,202.9,60.0,,ea58b01a7a79e5e1367b46d41d1ce1de
2.0,204.0,4.0,8.1,5.0,250.0,2796.0,2808.0,129.0,33.0,3.78882599437738,0.4233105466909161,2.0,49.8,‘Œ–16/20+‘Œ–12/18+‘Œ–12/18RCP,278.0,43.7,1000.0,3.6,179.9,71.7,,d4db9c9934662e024135072b7cc67d11
10.8,251.0,1.8,23.0,7.0,250.0,3222.0,3235.0,85.8,36.7,7.09,0.55,16.2,69.8,‘Œ–16/20+‘Œ–12/18+‘Œ–12/18RCP,182.0,32.0,1100.0,3.6,370.0,60.0,,d812243839776ab7d07d6396b1d70d43
1.5,341.9,1.9,35.0,6.0,280.0,2822.0,2846.0,112.7,30.6,5.68,0.59,6.19,59.4,‘Œ–16/20+‘16/20RCP,268.0,59.0,997.0,3.6,266.5,45.0,151.0,1763f50093770656397873fc691265f1
8.6,208.0,2.4,28.0,5.0,260.0,2819.0,2831.0,109.33,41.365,4.31,0.56,4.96,59.4,‘Œ–16/20+‘Œ–12/18+‘Œ–12/18RCP,210.0,22.9,1095.0,3.6,326.5,70.0,167.0,da6adb51ff45fe0fc91e316bb62f0a90
2.0,225.0,1.3,39.0,12.0,193.0,3241.0,3290.0,180.0,66.0,5.2,0.4842090641189671,6.6,189.7,‘Œ–16/20+‘Œ–12/18+‘Œ–12/18RCP,,,1100.0,3.6,730.0,380.0,,47e2501363b3d10bb6826cd7d1bed6e0
11.0,351.0,0.9,94.0,29.0,144.0,3045.0,3142.0,154.0,110.0,4.760635259168981,0.3743612064805379,9.6,249.8,Õ» 16/20+‘Œ–12/18+‘Œ–12/18RCP,94.0,60.0,1100.0,3.6,980.0,300.0,,8967db4f55873c5e8720576ad5c9af21
5.58,104.0,0.9,45.0,34.0,122.0,2778.0,2823.0,148.62,58.519,4.8948,0.6229845745865029,20.5214338133046,170.00007,16/20 NikaPT+12/18 NikaPT+12/18 RCP Fore,86.0,3254.6,1100.0,,521.0,200.0,,87514140e906262a7fac29adac51d64d
4.4,357.0,0.9,38.0,8.0,250.0,2807.0,2819.0,66.0,36.4,6.58,0.49,41.74,49.8,‘Œ–16/20+‘Œ–12/18+‘Œ–12/18RCP,300.0,64.0,900.0,3.6,269.0,60.0,,6874f2a16d39d2d02358a616e3b9661e
1.912,47.0,0.9,31.2,15.0,161.0,2722.0,2752.0,114.53,42.792,10.765,0.5395755239131049,27.195,130.0,16/20‘Œ–+12/18‘Œ–+12/18RCP,145.0,50.0,1200.0,3.6,238.8,160.0,,4c9a263ac1b30223bc1512f7582a8431
12.7,7.0,0.8,16.0,8.0,260.0,3404.0,3420.0,127.38,15.493,0.38759,0.5201922186030621,2.06616536838593,60.00005,16/20 Fores+12/18 Fores+12/18 RCP Fores,251.0,58.96100000000001,800.0,,207.0,60.0,,ce5f36e323ed572f9e9792617d7f06d7
18.4,35.5,0.7,38.5,22.0,270.0,2963.0,2996.0,149.83,31.523000000000003,6.9545,,7.3565,89.6,‘Œ–16/20+‘Œ–12/18+‘Œ–12/18RCP,205.0,53.0,1100.0,3.6,63.3,100.0,251.0,b2183cceeb7efb74599e0ce66078e8df
4.0,147.0,1.1,21.0,13.0,167.0,2902.0,2923.0,176.0,34.0,5.4,0.4931226855654149,9.6,99.7,‘Œ–16/20+‘Œ–12/18+‘Œ–12/18–—œ,,46.6,1200.0,3.6,342.76199999999994,120.0,,49ae3723488d7438951a38623e047df9
14.23,45.0,1.1,52.0,21.0,170.0,3253.0,3289.0,134.36,54.207,3.2859,,11.550317789385,129.99993510000002,12/18 RCP,175.0,2305.2,1100.0,,440.0,145.0,,178f3af9ca218fe3fa827b26e0b1f055
10.0,70.0,0.5,52.0,20.0,280.0,3327.0,3352.0,128.55,26.624000000000002,6.8727,,10.822000000000001,129.6,‘Œ–16/20+‘Œ–12/18+‘Œ–12/18RCP,270.0,41.0,1200.0,3.6,84.6,150.0,361.4,f713408672b1a83365fa181cd48a96e0
17.0,123.0,0.5,48.0,25.0,280.0,3244.0,3274.0,145.62,34.809,9.3281,,13.187999999999999,149.6,‘Œ–16/20+‘Œ–12/18+‘Œ–12/18RCP,238.0,29.0,1100.0,3.6,89.6,195.0,438.6,741de50e542ce6ecf34d9f927bc01025
16.9,63.0,1.1,42.5,17.0,195.0,2979.0,3010.0,126.2,31.45,14.65,0.7,38.4,179.8,‘Œ–16/20+‘Œ–12/18+‘Œ–12/18RCP,100.0,23.3,1200.0,3.6,816.5,240.0,525.0,791bbcb4c0ba6e5ca5c03f0e53e0b336
8.0,110.0,0.9,76.0,17.0,265.0,2909.0,2944.0,139.06,49.205,4.6243,,3.6815,149.6,‘Œ–16/20+‘Œ–12/18+‘Œ–12/18RCP,258.0,21.0,1200.0,3.6,87.7,190.0,429.8,c18679a555af99aa3cedddea0a174932
85.51,340.45,0.6,19.0,10.0,306.0,3429.0,3431.0,103.23,22.96,4.9429,0.6210243897096149,34.7985331299041,90.0000375,,428.0,79.513,900.0,,287.0,80.0,,f6a7b0e5d0ff95d68c72b28b6ac2b93b
90.09,142.61,0.8,22.0,11.0,265.0,3398.0,3400.0,114.55,22.0,5.0547,0.641351967376139,18.1040335443038,70.000033,,354.0,8770.3,900.0,,223.0,60.0,,941826ec04693beff13830c95c1c50ba
92.0,159.0,0.8,3.0,14.0,232.0,12.0,12.0,126.0,42.0,3.0,0.22,5.0,9.0,,,30.0,900.0,3.36,11.0,5.0,,421f1a8c797cf8a8af6b656e637a8623
20.6,91.0,1.1,51.0,17.0,263.0,3481.0,3510.0,166.46,34.66,9.04,0.8,16.54,159.8,‘Œ–16/20+‘Œ–12/18+‘Œ–12/18RCP,140.0,15.6,1095.0,3.6,708.0,180.0,435.0,27ed8cb1491ff7000349cb15aa76f38d
85.5,142.6,0.4,3.0,12.0,271.0,19.0,21.0,142.0,30.0,7.0,0.61,21.0,28.0,,,45.0,900.0,3.36,14.0,29.0,,8c13009d0a7b6ecb7768179fc5d6d421
87.93,322.04,0.8,995.0,10.0,290.0,3164.0,3166.0,132.28,22.9,5.3587,,8.8773,80.0,,424.0,79.0,900.0,3.6,16.1,75.0,,daf2ea4b3da3a5d883c189bec839993a
90.0,325.0,0.6,18.0,9.0,292.0,3754.0,3755.0,129.0,37.0,5.406757094679071,0.23158124359701604,48.9,44.0,,,,1200.0,3.6,218.0,40.0,,da18db02993aa8c772150458a6364a33
86.0,341.0,0.6,16.0,12.0,260.0,3593.0,3594.0,138.0,35.0,4.62183486844277,0.25768639633241003,8.0,70.0,,,,900.0,3.6,285.0,70.0,,5d995ad52dbe6eff8f1b6681d6b21bec
90.0,323.0,0.45,16.0,12.0,280.0,3562.0,3563.0,135.0,40.0,3.5366931918656097,0.3367602124188211,9.1,60.0,Õ» 20/40+‘Œ–16/20+‘Œ–16/20RCP,,,900.0,3.6,245.0,60.0,,4469f0069ef0b997422dd49a3b2acb50
87.45,340.0,0.8,27.5,12.0,256.0,3110.0,3111.0,118.97,27.5,3.2622,0.644084167717037,11.849707741447403,82.000031,,405.0,87.925,900.0,,290.1,70.0,,4e18442617fff3921f583333c8e91029
89.0,342.0,0.6,24.0,12.0,300.0,3161.0,3162.0,129.0,50.0,3.9610701078463197,0.425606502936703,8.1,80.0,,,,900.0,3.6,590.0,80.0,,bd2a090a38f039a8a2a93e2112f31042
90.25,159.53,0.6,30.0,7.0,340.0,16.0,17.0,,,,0.54,,28.0,,,,800.0,3.6,9.0,23.0,,c3ea8af72e24d55ab2fb0fad507b3a70
92.0,138.0,0.7,17.0,11.0,263.0,17.0,18.0,116.0,36.0,6.0,0.23,5.0,23.0,,,40.0,1200.0,3.36,21.0,28.0,,08e65d04de1ab15b06df84960edd6d5a
88.8,323.29,0.7,19.0,8.0,270.0,3380.0,3382.0,101.18,24.766,4.677,,28.404325812554998,70.00000250000001,,445.0,78.435,800.0,,280.0,65.0,,b6870b69eec1a287a0f2ba99183e5e42
90.0,322.0,0.7,26.0,11.0,300.0,3192.0,3193.0,130.0,31.0,5.4769409608119295,0.429918168573759,9.1,70.0,‘Œ–20/40+‘Œ–16/20+‘Œ–16/20RCP,,,900.0,3.6,300.0,70.0,,215f53c19b318582843b8cac699728a5
86.92,144.9,0.9,930.0,8.0,270.0,3375.0,3375.0,141.19,21.0,5.4239999999999995,,7.7669,70.0,,447.0,75.0,800.0,3.6,17.0,65.0,,7f7ffc6b5c3a8a81fd4c6a30b1ad41a6
89.44,327.92,0.9,43.0,9.0,276.0,3494.0,3495.0,119.7,29.458000000000002,3.1284,0.561840435574329,12.2510850459482,60.0,,455.0,71.347,900.0,,218.0,55.0,,79c35740ca159eb6f85b880c90bbd84f
87.9,319.0,0.7,40.0,10.0,268.0,3286.0,3287.0,120.48,12.969000000000001,3.839,0.7027542085276359,19.2122977139063,70.000016,,324.0,8599.7,1000.0,,261.0,65.0,,15a7b4ca85115874d8af73746b9c3c48
89.2,148.0,0.6,42.3,12.0,285.0,3277.0,3278.0,106.6,60.2,3.5,,19.5,65.0,20/40 ¡Œ–+16/20 Õ» +16/20 ‘Œ– RCP,123.446,37.301,900.0,3.5025,270.0,80.0,,ea11c6b48dd20f827aaabc2012a6f28e
21.3,26.0,1.2,27.0,14.0,215.0,3380.0,3403.0,168.56,21.386999999999997,5.487,0.772135812639726,11.2462449572852,140.000035,,202.0,2455.3,,,438.2,160.0,,14ceda46a67a93bd87c41914899f0616
3.3,32.0,0.9,40.0,7.0,304.0,2576.0,2616.0,127.73,37.126999999999995,2.9133,0.662379051703884,10.5282962499021,100.000035,16/20 Fores+16/20 RCP Fores,259.0,65.97,,,326.0,130.0,,e1cf877ac3b2ddec7836cf4be514a4ef
11.5,22.0,1.1,42.0,13.0,239.0,3237.0,3268.0,143.58,29.406,5.1812,0.7319968472190469,16.4557835606377,99.8000251,16/20 Fores+12/18 BoroProp+12/18 RCP Bor,239.0,45.312,1100.0,,338.0,100.0,,ce53457ef45b5f5b13d71072c862849c
0.715,293.0,1.0,55.0,14.0,190.0,2605.0,2643.0,171.09,53.652,3.597,0.7743041665732159,8.66273820796072,159.99999409999995,,167.0,36.753,,,538.0,180.0,,844fd517dcc64c8097157bafef273884
5.6,204.0,0.9,13.0,10.0,184.0,2789.0,2802.0,128.94,12.93,4.5956,0.689824458781058,18.2761094738293,80.0,16/20 Fores+12/18 Fores+12/18 RCP Fores,190.76,42.468999999999994,1000.0,,241.0,90.0,,7933616f292814cd85aa85d48eba6e5e
7.5,63.0,3.8,24.0,4.0,280.0,3108.0,3121.0,89.59,78.58,2.85,0.44,1.95,49.8,For16/20+For16/20RCP,390.0,67.5,1100.0,3.6,256.6,50.0,160.0,6704523bf862da89ab9f89e85469bd35
91.09,142.8,1.2,17.2,13.0,270.0,3283.0,3287.0,106.44,32.916,4.7563,,4.4513,70.0,30/50‘Œ–+20/40¡Œ–+16/20NPT,322.0,71.0,800.0,3.6,283.0,60.0,,1bd25db764120105ee20c6d50dd7f29d
86.53,141.93,1.1,15.0,8.0,290.0,3091.0,3092.0,103.72,15.5,4.3261,0.491248353326191,4.3696,70.0,20/40¡Œ–+16/20‘Œ–,394.0,49.0,900.0,3.6,292.5,65.0,,452e8e533e2a6b27b2b3f7b89e97aaa3
15.0,133.0,1.1,27.9,13.0,170.0,3501.0,3523.0,124.0,36.3,10.98,0.69,28.3,150.8,0+Õ» 16/20+‘Œ–12/18+0+‘Œ–12/18RCP,80.0,35.0,1100.0,3.6,660.0,190.0,465.0,9ffda40f559d378c855f7bb542eb7cf0
87.7,142.2,1.0,34.0,13.0,290.0,3236.0,3236.0,114.46,59.6,2.84,0.61,7.66,59.8,‘Œ–20/40+‘Œ–16/20,360.0,74.7,900.0,3.6,340.8,60.0,195.0,cb4b05b61fe15973d98226ecf24ad66b
88.04,144.83,1.0,720.0,19.0,270.0,3324.0,3325.0,74.179,32.4,3.1616,,3.5793,39.8,20/40‘Œ–+16/20‘Œ–,384.0,60.0,800.0,3.6,191.4,40.0,128.3,1e2ae3e936382b1dfdefd7ce3fc63d56
86.0,146.0,1.0,24.0,15.0,290.0,3137.0,3138.0,125.4,47.2,3.5,,9.99,59.8,Õ»  20/40+Õ» 16/20,394.2,63.803999999999995,900.0,3.5025,200.0,60.0,,101c2d447c54bf4798d4e8942a1b5b50
86.0,330.0,0.8,18.0,18.0,270.0,3645.0,3647.0,146.0,37.0,4.2,0.36233128824227706,6.8,69.7,¡Œ–20/40+‘Œ–16/20,,49.0,800.0,3.6,249.87,75.0,,300d3d8ef824d7963f0eb362908ff183
88.0,325.0,1.0,54.6,27.0,260.0,3519.0,3521.0,102.0,65.0,4.7,0.22085269703716096,12.7,89.8,Õ» 20/40+‘Œ–16/20,276.0,49.0,900.0,3.6,274.1,90.0,311.4,519946c616535fb420b8706d282b7d41
91.0,325.0,1.0,28.0,15.0,210.0,3098.0,3100.0,155.0,36.0,4.6,0.264176698227115,7.0,79.8,Õ» 20/40+Õ» 16/20,182.0,57.8,900.0,3.6,256.0,80.0,302.5,41b4d6c3b3c8cab79e41088f26586774
90.0,343.3,0.9,30.0,15.0,250.0,3164.0,3164.0,149.4,37.2,4.09,0.71,8.14,70.0,¡Œ–20/40+‘Œ–16/20,307.0,38.0,900.0,3.6,390.0,80.0,,429ecc93c8d72b9645bfd48c0f826dc7
86.0,133.0,0.6,40.0,24.0,250.0,3251.0,3251.0,180.0,39.0,4.8,0.21716331905779104,8.8,104.8,¡Œ–20/40+‘Œ–16/20,,32.0,900.0,3.6,329.0,115.0,,6c5e404c89c31b82fd4b6295f674b647
88.05,328.33,1.0,20.0,13.0,290.0,3160.0,3162.0,78.0,43.0,6.1,0.635630204981772,50.2,49.2,‘Œ–20/40+‘Œ–16/20,,70.0,1200.0,3.6,226.2,40.0,,16419c2a531c1d0eeb4454c35d8b76c4
84.0,331.0,0.8,34.0,11.0,300.0,3073.0,3074.0,97.0,40.0,6.5,0.346371018226745,58.8,43.7,¡Œ–20/40+‘Œ–16/20,,,1200.0,3.6,191.1826,40.0,,64c93df57660a87dbb59f3a05335567b
83.42,135.57,0.45,20.0,16.0,300.0,3289.0,3290.0,125.65,19.899,4.8963,0.5395755239131049,14.235,80.0,20/40¡ Œ+16/20‘Œ–,338.0,68.0,900.0,3.6,156.3,80.0,,475a517d2c9ac61bd91a386b24824610
83.7,161.9,0.35,48.0,15.0,292.0,3264.0,3264.0,103.44,39.4,6.32,0.61,19.22,79.8,¡Œ–20/40+Õ» 16/20,375.0,62.7,900.0,3.6,448.4,80.0,,adc60a2ea550588cea745d0f1f45b1f0
85.96,140.628,0.5,37.0,25.0,270.0,3142.0,3143.0,95.762,29.935,5.1111,0.5395755239131049,14.232000000000001,90.0,20/40¡Œ–+16/20‘Œ–,411.0,77.0,900.0,3.6,147.0,90.0,,15936bf51966aa570767ae3e5416c09c
88.0,161.0,0.4,30.0,19.0,320.0,3224.0,3226.0,137.0,37.0,4.5,0.337668105326541,12.1,69.7,¡Œ–20/40+‘Œ–16/20,,64.0,800.0,3.6,275.15,70.0,,952c2c6142f226547f9a42330bd04a7c
90.5,159.7,0.4,29.0,18.0,300.0,3568.0,3569.0,93.64399999999999,18.0,4.2354,0.5395755239131049,13.45,70.0,20/40¡Œ–+16/20‘Œ–,385.0,61.0,900.0,3.6,252.0,65.0,,453c48bcb8aa1b601d55098f3cd7d39e
10.42,116.0,0.9,37.1,15.0,124.1,3436.0,3474.0,153.88,37.338,7.4566,0.5395755239131049,14.347000000000001,160.0,16/20‘Œ–+12/18‘Œ–+12/18RCP,107.0,54.0,1100.0,3.6,306.5,200.0,,abff2d79173897d9d10978b1fe40af57
90.0,162.0,0.5,30.0,16.0,260.0,3207.0,3209.0,108.0,54.0,4.6,0.274198764397916,59.5,43.7,¡Œ–20/40+Õ» 16/20,238.0,11.0,1200.0,3.6,195.38400000000001,50.0,,5ef6821ed76ac9a8381b0beca5eac491
90.0,344.99,0.5,71.0,13.0,300.0,3262.0,3263.0,98.039,48.629,6.4329,0.61,41.681999999999995,95.0,¡ Œ20/40+‘Œ–16/20,335.0,,900.0,3.6,529.0,95.0,,20eca530fbe69535f2e0826a9934bfab
9.0,84.0,1.1,6.5,4.0,174.0,3214.0,3224.0,141.0,28.0,4.0853678465209,1.35642087239524,8.7,49.5,‘Œ–16/20+‘Œ–12/18+‘Œ–12/18RCP,162.0,42.7,900.0,3.6,244.92,60.0,,7c6276df1588086d2817d6fc14b98edd
19.0,211.0,2.2,30.0,4.0,260.0,2655.0,2670.0,101.9,24.61,4.1581,,1.9869999999999999,49.6,‘Œ–20/40+‘Œ–16/20,332.0,65.0,800.0,3.6,52.0,50.0,174.1,c4c023c3db25addcb85f101d47f7d823
3.41,151.0,1.7,30.0,9.0,300.0,2628.0,2652.0,86.6,50.5,5.7,0.55,14.6,74.4,‘Œ–16/20+‘Œ–12/18+‘Œ–12/18RCP,409.0,71.0,1100.0,3.6,334.5,60.0,202.0,16393790ccb50dfaa3bbf964799f393b
3.3,313.0,1.3,24.0,4.0,250.0,3096.0,3104.0,102.54,8.9848,6.0167,,6.2331,49.2,‘Œ–16/20+‘Œ–12/18+‘Œ–12/18RCP,169.0,19.0,1100.0,3.6,31.7,50.0,138.5,4ff60c99c89001658c5c42a68b99cc81
11.33,246.0,0.9,19.7,11.0,166.0,3082.0,3103.0,157.38,20.614,5.8986,,4.5214,139.8,16/20‘Œ–‘Œ–+12/18‘Œ–‘Œ–+12/18‘Œ–‘Œ–RCP,174.0,44.0,1100.0,3.6,343.0,190.0,407.4,46550c38b627c998ab6f0d605bf31dc4
1.0,24.0,1.7,10.0,4.0,260.0,2578.0,2585.0,99.164,7.9993,5.3803,,4.4996,44.2,‘Œ–16/20+‘Œ–12/18+‘Œ–12/18RCP,237.0,43.0,1000.0,3.6,35.0,45.0,160.7,f72728147bd503c136efba622dcb7a30
13.88,350.17,1.0,23.0,6.0,280.0,2668.0,2677.0,73.506,8.7498,5.6213,,9.7463,29.2,‘Œ–16/20+‘16/20RCP,269.0,18.0,1000.0,3.6,31.4,40.0,93.2,a446c209e8b3c06ee9460f8fbcb69c3a
10.9,305.0,1.3,12.0,5.0,280.0,2832.0,2843.0,98.4,11.792,6.0,,6.3958,44.2,‘Œ–16/20+‘Œ–12/18+‘Œ–12/18RCP,203.0,27.0,1100.0,3.6,37.8,50.0,131.2,74479e41a4d58036f0c788f22d26f49b
2.0,249.0,,36.0,17.0,253.0,,32.0,135.0,70.0,4.98,,9.5,130.0,46+65,317.0,56.0,1200.0,,74.0,90.0,,e9ec7f9b0d4d81ad93252aff67a4924f
2.1,90.0,1.3,21.0,9.0,165.0,3512.0,3532.0,165.88,39.85,6.9,,9.58,99.5,‘Œ–16/20+‘Œ–12/18+‘Œ–12/18RCP,182.0,60.0,1100.0,3.6,490.08943694,130.0,292.07887388,1ab6c3eef1f7d451086331e5a1480c7f
9.2,217.0,1.3,43.0,6.0,270.0,2763.0,2775.0,104.2,47.2,3.24,0.56,6.21,49.4,‘Œ–16/20+‘Œ–12/18+‘Œ–12/18RCP,211.6,19.0,1178.0,3.6,221.9,60.0,138.0,41a50b3bf58254bf28522b63896fa27e
3.5,251.0,1.1,24.0,6.0,265.0,2784.0,2796.0,110.65,24.956,5.8457,,5.3581,59.2,‘Œ–16/20+‘Œ–12/18+‘Œ–12/18RCP,216.0,23.0,1100.0,3.6,38.9,70.0,174.0,2b8b7acc3779f40d02aa0ba6e4942584
3.7,272.0,1.2,16.0,5.0,260.0,2932.0,2945.0,113.13,53.202,4.1444,,3.2943,49.2,‘Œ–16/20+‘Œ–12/18+‘Œ–12/18RCP,205.0,26.0,1100.0,3.6,41.7,55.0,187.7,6c978b006d3cf5265f3b795d2f234e86
3.0,216.0,1.1,24.0,6.0,265.0,2772.0,2794.0,122.08,65.477,2.9274,,3.9883,59.2,‘Œ–16/20+‘Œ–12/18+‘Œ–12/18RCP,339.0,65.0,1100.0,3.6,38.7,50.0,158.4,7a253850cb4d1309b91fe9316f5a1ed8
1.0,118.0,1.2,30.0,14.0,260.0,2628.0,2652.0,144.28,78.543,3.4523,,3.6569,89.2,‘Œ–16/20+‘Œ–12/18+‘Œ–12/18RCP,307.0,67.0,1200.0,3.6,45.7,75.0,230.4,c3ae8f31d2f0852dba079ae9762c1c2c
0.3,243.0,1.3,32.0,10.0,161.0,2644.0,2673.0,119.33,17.923,6.0555,,5.7877,99.8,16/20‘Œ–+12/18‘Œ–+12/18¡Œ–RCP,,51.0,1100.0,,382.0,140.0,,6cfbad31c5f32c61c59b03a916c00093
25.48,79.0,1.2,50.0,10.0,253.0,3196.0,3216.0,164.08,65.89,2.97,0.68,4.2,104.4,‘Œ–16/20+‘Œ–12/18+‘Œ–12/18RCP,204.0,31.0,1000.0,3.6,487.5,110.0,333.0,5e9acdaaa6807b94f19cec5f8699225a
4.0,280.0,1.3,54.0,9.0,185.0,2943.0,2957.0,128.6,58.0,6.06,,11.06,139.8,50+75+15,320.0,39.3,934.0,3.6,755.9,180.0,425.9,a72d6b3c2476e606745f4c00ab320989
2.0,7.0,,16.0,7.0,260.0,,12.0,160.0,25.0,4.85,,5.1,60.0,51,321.0,74.0,1000.0,,123.0,60.0,,d545f44f15005fd41a9240244604624c
5.0,294.0,,10.0,5.0,257.0,,14.0,153.0,70.0,3.24,,4.2,80.0,68,353.0,74.0,900.0,,106.0,60.0,,0b9e96056ca6c295b0f5973b11bb9003
3.0,18.0,1.6304347826087,20.0,9.0,260.0,2856.0,2876.0,160.0,35.0,6.35541586479877,80.0,4.97115332764672,109.1,‘Œ–16/20+‘Œ–12/18+‘Œ–12/18RCP,318.0,42.0,1150.0,3.4,211.0,90.0,271.6,4052a766179bb8a037037fe0a163e5e6
2.0,321.0,1.2,32.0,10.0,253.0,2784.0,2804.0,126.2,69.1,6.8229999999999995,,4.791,79.2,‘Œ–16/20+‘Œ–12/18+‘Œ–12/18RCP,336.0,55.0,1200.0,3.6,44.8,70.0,217.9,312b54c7b34ab76c43f0e4c6894c7cce
13.0,70.0,1.3,52.0,9.0,175.0,3012.0,3038.0,136.32,42.03100000000001,4.6113,,3.516,79.6,For16/20+For12/18+For12/18RCP,124.0,20.0,1000.0,3.6,57.9,120.0,262.2,1bd23e069c7dfbedc14ccf2e309b87d3
4.0,24.0,,15.0,5.0,256.0,,15.0,145.0,25.0,4.5,,4.8,50.0,42,337.0,42.0,1100.0,,128.0,50.0,,8cc22bc581368175b382bda96ee88d72
4.0,334.0,0.9,58.0,11.0,185.0,3004.0,3037.0,177.2,55.5,5.9,0.8,10.0,179.4,‘Œ–16/20+‘Œ–12/18+‘Œ–12/18RCP,227.0,39.6,1096.0,3.5,887.0,210.0,545.0,9f6d16dfa89c9b2868216f2e2f5be3e2
3.0,357.0,,13.0,5.0,256.0,,14.0,149.0,65.0,2.9,,3.3,80.0,68,378.0,78.0,900.0,,82.0,60.0,,566ad7b94ecab71c671db3a0428bfd9b
5.0,356.0,,10.0,4.0,260.0,,11.0,61.0,55.0,2.62,,9.6,30.0,24,410.0,77.0,900.0,3.6,40.0,25.0,,4db4d46025c891a84b33f836f6547981
1.0,337.0,0.851063829787234,16.0,19.0,151.0,3137.0,3152.0,177.0,42.0,5.363062127471442,,8.937309858816919,159.1,‘Œ–16/20+‘Œ–12/18+‘Œ–12/18RCP,130.0,38.0,1100.0,3.4,314.0,195.0,499.8,ea9493fd3c5199223d222ad6bab28314
0.2,88.0,1.5,28.0,8.0,280.0,2997.0,3009.0,96.8,50.3,4.65,0.57,10.35,69.4,‘Œ–16/20+‘Œ–12/18+‘Œ–12/18RCP,278.0,40.0,1097.0,3.4,326.9,70.0,190.0,43c51ca648226149a64d64cec89712eb
2.5,65.0,1.4,47.4,7.0,280.0,2984.0,2995.0,114.06,39.359,5.05,0.62,10.943,69.8,‘Œ–16/20+‘Œ–12/18+‘Œ–12/18RCP,196.0,24.5,1095.0,3.6,317.0,70.0,185.0,32144a10e7af7a916ac586dd700f4252
3.0,11.0,1.31386861313869,17.0,14.0,278.0,2732.0,2749.0,250.0,27.0,4.31499460625674,0.454934871324549,2.69434975428503,89.1,‘Œ–20/40+‘Œ–16/20+‘Œ–12/18,210.0,28.0,1100.0,3.4,170.0,90.0,241.0,1985ce133e46136b7d36e49a8ab3a49c
1.0,240.0,1.9,24.0,7.0,275.0,2599.0,2616.0,124.47,15.993,6.4197,,3.1283,59.2,‘Œ–16/20+‘Œ–12/18+‘Œ–12/18RCP,224.0,28.0,1100.0,3.6,39.5,60.0,163.2,63a6425b721661ef47d4b16a7c805681
12.5,292.0,1.2,80.0,20.0,155.0,3258.0,3300.0,131.1,78.7,4.7,,11.58,117.0,‘Œ–16/20+‘Œ–12/18+RCP 12/18,138.0,38.922,,3.5959,780.4,220.0,433.3,a53f26eb5e0e71a00cadae4bad2ef671
1.7,325.0,0.6,27.0,23.0,266.0,2839.0,2866.0,139.5,52.8,5.6,,27.58,99.58,30+55.02+15.06,269.0,43.0,1000.0,3.4,67.8,100.0,257.8,a488c4cc90777cef05ceefaaaebd8aa9
10.2,26.0,1.0,27.0,16.0,247.0,3445.0,3468.0,152.64,27.335,6.8666,0.63532806864546,24.375890172955998,150.00001,16/20 NikaPT+12/18 NikaPT+12/18 RCP Fore,152.0,4867.5,1100.0,,447.0,160.0,,ce2174ce2ef0a5a89fea6141051c6e39
13.9,27.0,1.2,31.1,15.0,277.0,3442.0,3472.0,90.2,38.0,10.4,0.57,26.65,109.8,0+For16/20+For12/18+0+For12/18RCP,273.0,34.0,1100.0,3.6,523.0,110.0,295.0,4798646dea982d4c5c1bf236d3eba664
9.0,11.0,1.2,112.9,11.0,280.0,3142.0,3158.0,148.48,24.754,7.3227,,5.1587,99.6,For16/20+For12/18+For12/18RCP,325.0,34.0,1100.0,3.6,61.3,100.0,263.2,cc304995be784fae36d775567bd0ee5a
1.0,305.0,1.2,70.0,12.0,270.0,2807.0,2836.0,160.69,39.512,5.4986,,3.2453,99.6,For16/20+For12/18+For12/18RCP,281.0,42.0,1100.0,3.6,64.1,100.0,263.2,d8dd36b312f226b99e93864b6c5ed766
90.0,340.3,1.0,35.2,12.0,270.0,3326.0,3327.0,154.0,53.4,3.53,0.68,5.05,89.8,‘Œ–20/40+‘Œ–16/20,321.0,72.0,898.0,3.6,476.7,90.0,273.0,10c71d17f4f3580244eb13c66cf372f5
85.0,347.0,1.0,12.0,8.0,270.0,3138.0,3139.0,172.0,55.0,2.20882900508031,0.27518275794615804,1.68551631928366,69.8,‘Œ–20/40+‘Œ–16/20,,,800.0,3.6,240.0,90.0,273.9,03d2a660f0b807a6a8cb3fc92575e13b
90.0,338.0,1.0,29.0,12.0,270.0,26.0,30.0,170.0,60.0,3.0,0.23,2.0,29.0,,220.0,60.0,700.0,3.6,30.0,29.0,,1aaedec79837073c8d5ad95c5ffde610
8.54,174.0,1.2,44.4,10.0,270.0,3199.0,3226.0,118.25,31.933000000000003,6.7193,0.5395755239131049,11.419,100.0,16/20‘Œ–+12/18‘Œ–+12/18¡ Œ,434.0,38.0,1100.0,3.6,227.5,110.0,,419eaa675f30d92a736b4dee249b5f4a
16.0,21.0,0.6048387096774189,38.0,25.0,280.0,3436.0,3474.0,180.0,50.0,5.39374325782093,0.438584375401065,9.710336010228133,149.1,‘Œ–20/40+‘Œ–16/20+‘Œ–12/18,318.0,25.0,1000.0,3.4,237.0,160.0,448.2,076ba09a8e0c70e1df2c06f45d653b31
1.0,139.0,0.8,34.4,14.0,165.0,2897.0,2934.0,151.6,34.989000000000004,8.1153,,9.2844,169.2,‘Œ–16/20+‘Œ–12/18+‘Œ–12/18RCP,120.0,15.0,1200.0,3.6,59.2,220.0,478.4,c00f38976f7316cab0a4af3376d2ffee
1.0,181.0,1.0,44.0,18.0,310.0,2757.0,2790.0,154.41,25.991999999999997,7.3373,,6.6432,169.8,For16/20+For12/18+For12/18RCP,386.0,70.0,1100.0,3.6,66.9,170.0,453.1,48839eaaa0199c0402291354e02011f4
2.0,226.0,0.91986301369863,45.0,15.0,300.0,2854.0,2884.0,250.0,64.0,3.0,0.47934847258720004,2.2,149.7,‘Œ–16/20+16/20RCP,,51.0,1000.0,3.6,467.43,140.0,,f9be846d0d7fd19adf0b0dcc4c7a82ff
3.18,69.0,1.0,44.0,22.0,255.0,3284.0,3328.0,184.3,65.5,5.5,,12.55,199.45,50+120+30,257.0,48.566,1100.0,3.0,354.5,200.0,505.0,649b6e3b1027039b172121a1ab21b369
2.3,101.0,1.3,38.0,28.0,255.0,3006.0,3044.0,141.7,55.6,6.0,,12.97,139.54,87+32.04+21,,51.39100000000001,1000.0,3.2,849.8,140.0,414.2,3e6bb038ae52e2c24b40e6b007d0aabb
1.0,300.0,0.9,35.0,22.0,152.0,2684.0,2719.0,125.0,29.5,2.3,0.71,3.0,269.4,‘Œ–16/20+‘Œ–12/18+‘Œ–12/18RCP,100.0,30.0,1200.0,3.6,1325.6,330.0,830.0,e41d698c54702398dacc3c29e880726c
4.1,69.0,0.9,43.0,22.0,165.0,3206.0,3243.0,195.0,63.7,6.22,,19.13,254.8,‘Œ–16/20+‘Œ–12/18+‘Œ–12/18RCP,58.0,25.0,1109.0,3.8,1170.0,300.0,714.0,514e929c74efebdc2a189134718b114d
0.55,281.0,0.7,42.0,23.0,140.0,3175.0,3217.0,141.66,48.687,2.5816,0.714788702164447,12.864783283919197,156.79961,16/20 Fores+12/18 BoroProp+12/18 RCP Bor,129.0,23.58,,,647.0,240.0,,e5c332b37ca4bc903d61ed1f2b6c843f
16.5,178.0,1.3,55.0,12.0,265.0,3216.0,3246.0,113.32,54.57,5.6,0.63,13.38,109.4,‘Œ–16/20+‘Œ–12/18+‘Œ–12/18RCP,177.0,24.0,1000.0,3.6,492.5,110.0,294.0,af7bec0ca729782623f35ea73dc8f821
9.0,298.0,0.9,32.0,12.0,240.0,2968.0,2997.0,131.45,103.69,3.4421,,5.8370000000000015,109.4,‘Œ–16/20+‘Œ–12/18+‘Œ–12/18RCP,285.0,66.0,1200.0,3.6,58.0,90.0,275.4,945b20e6368a6a286569ea4f46d4391f
89.5,159.28,1.0,,20.0,270.0,3899.0,3906.0,103.27,23.884,4.2605,,10.91,32.0,For30/50+For20/40,172.0,9.0,600.0,3.6,65.1,50.0,146.7,8fd08cf150a2b8a0d6a03e35b8867186
90.0,326.0,0.967741935483871,10.0,6.0,261.0,3478.0,3480.0,155.0,40.0,3.77287304282211,,6.534372699003838,80.0,‘Œ–20/40+16/20Fores,412.0,38.0,800.0,3.6,198.0,80.0,247.8,6402efb39ac4022dd5e1f2fc002338cf
,,,43.0,20.0,,2808.0,2851.0,143.7,,3.2,,7.54,89.605,16/20 Foreprop+12/18 Boroprop+12/18 Fore,,,,30.0,146.3,100.0,299.3,b6d57684ae0376c5e3addc6697a501b1
23.0,193.0,1.3,21.0,6.0,113.0,3288.0,3330.0,118.64,19.285999999999998,4.8199,0.6233905790929921,12.9929043518855,99.8,,191.0,,1000.0,,352.0,110.0,,76dcc4e7fe57e66c4347c2617ec043c7
9.5,228.0,2.0,10.0,7.0,251.0,3354.0,3365.0,137.7,31.9,5.11,,3.91,59.8,‘Œ–16/20+9,254.5,35.9,1000.0,3.22222222222222,1.68203216603794,55.0,169.0,212d42ed6f1ff517cceaebea489c54c4
12.0,260.0,2.0,80.0,18.0,247.0,3267.0,3331.0,122.3,66.5,5.0,,8.26,125.0,64+62.9+9.12,290.0,51.343,1000.0,3.5,779.2,150.0,374.6,0629ab7d6c84f651f73ec122c9bb4237
89.4,322.8,0.8,29.0,20.0,275.0,3213.0,3214.0,112.77,27.991999999999997,5.6794,,7.2722,69.8,¡Œ–20/40+‘Œ–16/20,396.0,71.0,900.0,3.6,286.0,65.0,,2016b14553af4967269b145f2808c37a
90.0,151.1,0.8,38.0,14.0,271.0,3890.0,3890.0,163.71,55.778,2.49,0.7,5.1769,69.8,‘Œ–20/40+‘Œ–16/20,375.0,71.4,798.0,3.6,425.0,70.0,225.0,08ae5c9355f8f4d8fe6fef9a62f69703
91.0,326.0,0.5,18.0,15.0,273.0,3513.0,3514.0,150.0,30.0,5.0,0.351752155778677,11.0,69.8,¡Œ–20/40+‘Œ–16/20,,,750.0,3.6,247.0,65.0,,fa2ab12ddbcedd3d2330c50d88d04d17
90.0,350.0,1.0,38.0,14.0,260.0,3521.0,3521.0,159.9,42.0,3.39,0.68,4.54,69.8,‘Œ–20/40+‘Œ–16/20,310.0,70.0,798.0,3.6,474.6,70.0,271.0,d0a727a4cc7b4f1d2058a095dcf6c3ab
91.0,319.0,0.6,17.0,11.0,274.0,3592.0,3594.0,90.0,44.0,6.3,0.257069723376123,81.9,43.7,Õ» 20/40+‘Œ–16/20,,,1200.0,3.6,201.2,40.0,,a408ef4914f6098877542b4c2146bac8
12.0,133.0,1.3,28.0,6.0,200.0,3243.0,3266.0,121.14,35.355,5.2584,,3.97,68.8,For16/20+For12/18+For12/18RCP,227.0,45.0,1100.0,3.6,53.4,80.0,,ee964ad85efbfbcc4295f3f225bcfd35
,,,13.0,9.0,,3322.0,3336.0,123.1,,4.4,,4.44,49.85,16/20 Boroprop+12/18 Foreprop RCP,,,,,240.8,35.0,120.4,41be9a727b918e22e567b4db638595ed
,,,4.0,1.0,,2828.0,2838.0,105.1,,3.3,,4.44,29.48,16/20 Foreprop+8/14 Carboprop+12/18 Fore,,,,30.0,74.1,24.0,78.6,fe6637ba6939eaca6a8da0bf58b0d1d7
,,,12.0,5.0,,3200.0,3208.0,110.7,,4.0,,5.1,39.415,16/20 Boroprop+12/18 Boroprop+12/18 Boro,,,,30.0,43.2,45.0,106.5,1e49be7690ee35800933041679b258a9
,,,7.0,5.0,,3033.0,3041.0,99.81200000000001,,4.9194,,11.970999999999998,29.6,16/20BoroProp+12/18BoroProp+12/18Boro(RC,,,,30.0,,29.897,117.2,7565119f6142aa263323b8db406ee634
,,,2768.0,6.0,,,2758.0,105.02,,6.001,,9.0458,49.6,16/20ForesProp+12/18ForesProp+12/18Boro(,,,,25.0,,55.0,183.0,de71174cfd78c7887880fe2c31f34ba3
,,,9.0,6.0,,3072.0,3081.0,106.7,,3.8,,4.99,39.49,16/20 Foreprop+12/18 Boroprop+12/18 Boro,,,,30.0,79.1,40.0,107.2,06ea4252d9311316b20a10f3f8266b26
,,,16.0,6.0,,3288.0,3299.0,142.9,,4.3,,4.48,59.435,16/20 Boroprop+12/18 Boroprop+12/18 Fore,,,,30.0,71.1,50.0,137.3,4ab7f167648fa3e819dbf39268c97ab4
7.0,124.0,,10.0,5.0,235.0,,10.0,120.0,32.0,3.9,,6.7,39.0,12+20,251.0,25.0,1200.0,3.6,160.0,40.0,,5abef909aa98710f88f4da20442fec33
,,,8.0,3.0,,2556.0,2566.0,90.1,,2.9,,2.64,19.455,16/20 Boroprop+8/14 Carboprop+12/18 Fore,,,,30.0,52.1,20.0,55.7,bb9ec96bd2da119f0a268ea947c5d525
,,,8.0,4.0,,2490.0,2496.0,94.1,,3.1,,2.62,29.54,16/20 Boroprop+12/18 Foreprop RCP,,,,30.0,69.8,30.0,84.8,b22174a22c297b66ab1e03dcae5f785d
,,,11.0,4.0,,2565.0,2573.0,150.7,,3.5,,2.3,39.45,16/20 Boroprop+8/14 Carboprop+12/18 Boro,,,,30.0,114.8,40.0,122.0,51b6b9303fa256ba32a707a01ad748c6
7.0,271.0,1.3026315789473701,9.0,8.0,122.0,3277.0,3286.0,200.0,45.0,3.2,0.489860281413038,4.7,89.7,‘Œ–16/20+‘Œ–12/18+12/18RCP,,42.0,1100.0,3.6,306.0,130.0,312.2,f456d952af575b9a40e08ab9eef4f8f0
,,,13.5,6.0,,2810.0,2820.0,128.9,,3.4,,4.32,49.73,16/20 Foreprop+12/18 Foreprop+12/18 Fore,,,,30.0,107.6,45.0,155.6,6f6ccc0c3899cd74085a6fec755bf1e2
,,,10.0,3.0,,2494.0,2502.0,85.2,,3.5,,5.73,29.47,16/20 Boroprop+12/18 Foreprop RCP,,,,30.0,79.9,28.0,86.0,6fc687f2a2ff67f883027b20cfbd9250
,,,8.0,4.0,,2789.0,2800.0,126.5,,4.3,,3.99,59.475,16/20 Foreprop+12/18 Boroprop+12/18 Fore,,,,,118.6,50.0,150.3,1a3d0cc4d01178a716fc02dfafb7cc0a
,,,12.0,4.0,,3026.0,3038.0,98.87899999999999,,3.1324,,2.867,49.6,16/20BoroProp+12/18BoroProp+12/18Boro(RC,,,,30.0,,50.0,174.7,2de809426ffb2a2e06a266d635b5d241
0.3,144.0,2.2,17.0,5.0,235.0,2533.0,2544.0,155.4,27.5,4.0,,3.65,54.8,‘Œ–16/20+RCP 16/20,265.0,68.0,1107.0,3.4,237.0,40.0,132.0,a4ee245460284581dc7624d6ba85abe8
,,,2900.0,6.0,,,2890.0,86.654,,6.3447,,5.2860000000000005,49.7,16/20ForeProp+12/18ForeProp+12/18Fores(R,,,,30.0,,60.4166,176.2,29b31ceb116b13b55f2bebdd889cd340
,,,12.0,5.0,,2668.0,2678.0,130.3,,3.2,,3.75,39.615,16/20 Foreprop+8/14 Carboprop+12/18 Boro,,,,30.0,94.3,40.0,121.3,ec9e4e52b3b4d48435a0046141a6e65b
,,,10.0,7.0,,2870.0,2880.0,138.4,,4.0,,3.87,59.495,16/20 Foreprop+12/18 Foreprop+12/18 Fore,,,,30.0,113.4,50.0,154.0,ffd9cc7c00874c392cd136ca81a0a3a0
6.0,298.0,1.3,35.0,5.0,242.0,3111.0,3121.0,,,,,,79.7,‘Œ–16/20+‘Œ–12/18+12/18RCP,,,1200.0,3.6,273.0,120.0,278.3,dab6b75ef087ee5a40c44d503dbd4941
,,,8.0,4.0,,3050.0,3085.0,92.0,,3.2,,4.44,29.48,16/20 Boroprop+12/18 Foreprop RCP,,,,30.0,73.5,26.0,79.9,5be4c08bfeaf0956d6ca9a752817fa77
,,,8.0,6.0,,3035.0,3043.0,119.8,,3.3,,2.49,29.455,16/20 Foreprop+8/14 Carboprop+12/18 Fore,,,,30.0,66.5,22.0,76.7,f34d76c453a510a645101e756bb7916b
9.8,328.0,3.0,9.0,4.0,235.0,3098.0,3107.0,157.0,30.0,5.1,,3.3,49.6,17+24+9,235.0,37.0,1117.8,3.6,57.1,60.0,136.6,be967e51552c188428de0e2d0c1e7617
4.7,3.0,1.0,21.0,13.0,174.0,2913.0,2934.0,145.0,57.5,3.4,,8.29,99.7999,16/20 Foreprop+12/18 Foreprop+16/20 Fore,307.56,56.891999999999996,900.0,3.5,230.0,120.0,282.334,69706f7b527e7a8a9d9cb45558c707cb
0.74,10.328,1.4,117.0,9.0,325.0,2655.0,2672.0,101.8,85.9,2.1,0.53,4.16,59.8,‘Œ–16/20+¡Œ–16/20RCP,400.0,,997.0,3.6,336.0,60.0,194.0,0dfdb18a4861b7a12908648f7a531790
2.2,35.0,2.0,65.0,6.0,300.0,2915.0,2942.0,102.02,65.167,2.6,0.51,3.1192,54.8,PTProp16/20+Bor16/20RCP,330.0,67.1,1000.0,3.6,271.0,55.0,170.0,f0f3edd24288d9d72273c3fa87ecb585
1.2,6.0,0.8,10.5,5.0,282.0,2804.0,2816.0,107.81,11.997,4.1681,0.6096402682107029,25.46538602634261,50.0,16/20 Fores+12/18 Fores+12/18 RCP Fores,334.0,53.36,1000.0,,192.0,50.0,,8a90dcb909888eee434ee9c7692b8ac6
5.48,26.8,1.0,25.0,14.0,222.0,3230.0,3250.0,154.14,19.673,6.0684,0.7753594068062479,20.826021253406,99.9999551,,170.0,27.059,1100.0,,337.0,100.0,,416534103ee7f2e471d386cc5df2cb12
3.1,232.0,0.8,11.0,4.0,300.0,2720.0,2731.0,105.6,41.1,2.9,,11.33,39.800034499999995,20/40 ¡Œ–+16/20 ‘Œ–+16/20 ‘Œ– RCP,415.72,51.027,900.0,3.5025,180.0,40.0,,a4a746375591075154a030fd6ee4cf67
3.24,168.0,1.0,15.57,9.0,147.0,2960.0,2980.0,154.88,19.933,6.4612,0.5395755239131049,11.503,120.0,16/20‘Œ–+12/18‘Œ–+12/18RCP,56.0,41.0,1200.0,3.6,248.0,150.0,,dd97cad9e4ca572c4d637c1d0797ae19
,,,7.0,4.0,,2735.0,2742.0,91.5,,3.6,,14.59,29.465,16/20 Boroprop+12/18 Foreprop RCP,,,,30.0,50.1,20.0,72.3,34f0b85a7548d755810ba700bdaf498a
,,,38.0,5.0,,2605.0,2635.0,111.1,,4.5,,10.15,79.495,16/20 Boroprop+12/18 Foreprop+12/18 Fore,,,,30.0,96.7,90.0,205.4,3ab94291155c472589f689ab015023aa
,,,14.0,3.0,,2664.0,2674.0,135.6,,4.7,,7.13,49.54,16/20 Boroprop+12/18 Boroprop+12/18 Fore,,,,30.0,60.1,40.0,113.6,a1d8308b2526617379f8451fec429df3
,,,33.0,3.0,,2837.0,2870.0,110.1,,5.1,,6.35,59.485,12/18 Foreprop+12/18 Foreprop RCP,,,,,348.2,50.0,174.1,a7c167decf248cc66b42b8a374b44674
9.0,61.0,,5.0,2.0,202.0,,5.0,156.0,28.0,3.6,,4.5,40.0,20+14,280.0,71.0,1100.0,3.6,199.0,40.0,,a7fc6aadd6359b5d0615805edf98eeef
,,,8.0,3.0,,2968.0,2976.0,125.5,,3.4,,2.92,29.5,16/20 Foreprop+12/18 Foreprop RCP,,,,30.0,55.0,25.0,81.9,6f45aa04eb1d30b39e61496f1f1be4f9
,,,65.0,11.0,,,,115.0,,6.57988742552366,,14.720993717559097,129.5,16/30Fore + 12/18Fore + 12/18ForeRCP,,,,35.0,88.5,90.0,257.83,c56e6bb1631e606b395faf8b35362bed
,,,27.0,9.0,,2628.0,2645.0,125.0,,3.5422540302175998,,3.27634882768259,69.3,16/30Boro + 12/18Boro + 12/18BoroRCP,,,,30.0,44.0,50.0,140.99,c677e7e003dee680a31ff75bfce8a6dd
0.48,160.0,1.1,15.0,18.0,270.0,2524.0,2538.0,119.8,40.8,3.3,0.63,8.33,49.4,‘Œ–16/20+‘Œ–12/18+‘Œ–12/18RCP,334.0,72.0,900.0,3.5,255.0,45.0,152.0,103c9dbb809d383975c5349cbc296767
2.0,140.0,0.8,30.0,9.0,260.0,2860.0,2872.0,136.51,31.122,4.4178,,4.3762,69.6,For16/20+For12/18+For12/18RCP,251.0,40.0,1000.0,3.6,51.6,85.0,204.4,061047df78f8b8cca17f37f266c9f527
1.0,325.0,1.26,121.8,13.0,264.0,2531.0,2548.0,136.55,19.997,7.6646,,5.5552,89.6,‘Œ–16/20+‘Œ–12/18+‘Œ–12/18RCP,187.0,20.0,1200.0,3.6,62.1,130.0,281.8,7d7556704c857b8866e9739ec46a4ce0
10.0,246.0,1.15384615384615,16.0,13.0,256.0,3520.0,3536.0,170.0,30.0,6.337376579591111,,6.4228690322726605,100.0,‘Œ–16/20+‘Œ–12/18+‘Œ–12/18RCP,297.0,40.0,1100.0,3.4,210.0,100.0,296.8,f312b09169c570e58aad21c79c3848d7
0.54,244.0,1.3,18.03,12.0,177.0,2868.0,2882.0,141.92,13.999,6.2107,,5.0622,109.8,16/20‘Œ–+12/18‘Œ–+12/18RCP,140.0,41.0,1200.0,3.6,337.6,150.0,310.33333,a097f9b2f7c3f5f01443fa2ddae1b39d
3.0,248.0,1.0,5.2,2.0,200.0,3148.0,3154.0,74.952,5.49,3.6186,,5.5299,29.6,‘Œ–16/20+‘Œ–12/18RCP,303.0,50.0,900.0,3.6,51.4,35.0,99.8,a138105c787689551a0fb8bf922fc732
2.0,272.0,1.3,18.0,10.0,118.0,3076.0,3090.0,120.72,69.976,3.1999,,5.095,59.8,30+20+10,92.0,31.0,900.0,3.6,70.07,60.0,176.6,33ade9a545e41ba0ab1112242afa96be
,,,14.0,6.0,,2628.0,2644.0,76.456,,4.2696,,9.2831,49.7,16/20ForeProp+12/18ForeProp+12/18Fores(R,,,,30.0,,60.0,288.0,fc6150eb0ba46b4fa76867f2ee7aee8b
3.8,269.0,1.3,40.0,14.0,163.0,2892.0,2918.0,166.11,40.0,5.1312,0.774860493634968,10.542171739764699,170.0000251,,154.0,1905.6,1100.0,,558.9,180.0,,db036a260226479029ceb71c3bceb8bd
2.28,340.0,1.3,44.0,13.0,147.0,2692.0,2728.0,131.4,38.3,11.39,0.7,21.6,179.8,0+‘Œ–16/20+‘Œ–12/18+0+‘Œ–12/18RCP,110.0,29.0,1200.0,3.6,865.0,245.0,540.0,047a7a651d481e1c43b691c9e7dc07c9
,,,50.0,13.0,,2904.0,2954.0,148.1,,3.8,,4.92,109.41,16/20 Boroprop+12/18 Foreprop+12/18 Boro,,,,30.0,206.6,100.0,284.7,47ccb5294edaaab625cf4cdf2a8d346a
,,,6.0,2.0,,3092.0,3102.0,74.6,,2.9,,8.26,9.59,16/20 Foreprop+12/18 Boroprop RCP,,,,30.0,32.2,10.0,37.6,6f038f67f66cea8b67219ecfe4f31f07
2.0,83.0,,17.0,7.0,249.0,,17.0,170.0,29.0,3.9,,2.7,60.0,21+30,323.0,49.0,1000.0,3.4,130.0,50.0,,04154a658a396d1c18331ebf0330744f
5.0,33.0,1.33333333333333,15.0,15.0,259.0,2937.0,2967.0,150.0,33.0,4.57439459287888,0.41,3.22876018347368,69.1,‘Œ–16/20+‘Œ–12/18+‘Œ–12/18RCP,207.0,31.0,1100.0,3.4,145.0,70.0,204.0,37c1939a3c11c153a02b86d060e88483
,,,18.0,6.0,,2559.0,2575.0,130.8,,4.4,,5.89,59.455,16/20 Foreprop+12/18 Foreprop+12/18 Fore,,,,30.0,106.1,50.0,143.0,475478c7c1fccdf3964226610102477a
,,,3523.0,5.0,,,3513.0,100.63,,4.5691,,9.1948,39.6,16/20ForesProp+12/18ForesProp+12/18Boro(,,,,30.0,,40.0,151.2,2f32a13a519b0b6a144fb7850902e74d
6.57,185.0,1.3,46.0,8.0,185.0,3569.0,3589.0,150.4,48.6,6.8,0.74,11.79,154.8,For16/20+For12/18+For12/18RCP,180.0,59.0,1000.0,3.6,750.0,200.0,480.0,4d77a925c23bfe011453dfb08c978d2f
3.0,220.0,1.3,32.2,11.0,198.0,3385.0,3416.0,156.67,30.935,6.6238,,4.0291,169.8,16/20‘Œ–‘Œ–+12/18‘Œ–‘Œ–+12/18‘Œ–‘Œ–RCP,185.0,38.0,1200.0,,434.7,240.0,527.5,e92de1a61c6aa6d3b28bd7e7980b6d4a
,,,44.0,14.0,,,,218.157015126984,,3.7166689706850398,,5.93990035459424,149.151,16/30Boro + 12/18Boro + 12/18BoroRCP,,,,35.0,106.0,105.0,281.52,6fd3afa248f4bfff03302172d277211c
,,,12.0,4.0,,3213.0,3222.0,104.2,,3.4,,6.8,34.515,16/20 Foreprop+12/18 Foreprop+12/18 Boro,,,,30.0,52.4,30.0,93.1,b2b3b9f7aa349cb766444d66c1528242
,,,23.0,9.0,,2747.0,2763.0,76.0,,6.8,,13.5,89.4,Boro 16/30  Boro 12/18  Bore RCP 12/18,,,,,,60.0,175.0,88dbbec59f45a40162699d51777cee2c
,,,4.0,4.0,,2962.0,2980.0,85.0,,5.04922999242616,,35.5317284702318,39.3,16/30BoroSLB + 12/18BoroSLB + 12/18BoroR,,,,35.0,35.0,30.0,85.0,9582e8a76f32ca56b349ce17dbe9b32c
,,,86.8,24.0,263.0,,,190.87,,3.2464,,2.0335,99.8,16/20+12/18+12/18RCP,,,,30.0,,16.0,291.8,fb320d5df1289157fc1374e4675323e0
96.0,319.0,1.1,20.0,18.0,260.0,3787.0,3788.0,130.0,44.0,4.8,,4.8,70.0,‘Œ–20/40+RCP 16/20,325.0,45.0,800.0,3.4,130.0,70.0,219.9,53d31e6bc4d35119251f0d39656ba6e5
,,,2916.0,30.0,,,2836.0,86.9,,3.8,,5.42,387.5,16/30 Boroprop+12/18 Boroprop+12/18 Boro,,,,,,160.0,994.0,692623ac3019b57029b5fc7bb87c549e
,,,51.0,22.0,,3014.0,3046.0,177.2,,4.4,,5.76,153.35,16/30 Boroprop+12/18 Boroprop+12/18 Boro,,,,30.0,,140.0,389.8,8874679b76d4203e697bec7d597d9c90
89.0,342.8,1.0,317.0,11.0,273.0,3538.0,3538.0,175.19,25.997,5.5763,,4.5294,89.6,‘Œ–20/40+‘Œ–16/20,445.0,75.0,700.0,4.2,135.6,85.0,291.0,30110990382c82d19f0ef398a792e3a1
2.6,303.0,1.1,50.0,10.0,160.0,3419.0,3442.0,193.3,37.1,3.27,0.86,2.7,109.4,‘Œ–16/20+‘Œ–12/18+‘Œ–12/18RCP,248.0,72.0,900.0,3.6,515.4,120.0,324.0,14f2c87e5ee5587efb0d983596b62689
,,,48.0,9.0,,2804.0,2824.0,140.5,,2.6,,3.74,53.5,16/30 Boroprop+12/18 Boroprop+12/18 Boro,,,,30.0,,55.0,156.9,35b1e1c65579f7f0b00468a951ddd4ce
,,,95.0,20.0,,3133.0,3228.0,153.0,,3.4,,2.39,129.3,16/30 Boroprop+12/18 Boroprop+12/18 Boro,,,,30.0,,100.0,293.7,7dc22c85497efc0834a681b9b7f59577
90.0,161.72,1.0,760.0,15.0,270.0,3519.0,3520.0,120.9,34.303000000000004,4.5635,,4.6319,70.0,For20/40+For16/20,417.0,56.0,800.0,3.6,63.0,65.0,214.0,6ce2d8925c9d6c058cb072dd903f62f4
90.4,157.0,1.0,12.0,8.0,260.0,3402.0,3403.0,130.0,30.0,7.5,0.43,4.8,54.6,‘Œ–20/40+‘Œ–16/20,290.0,36.0,1200.0,3.4,195.0,45.0,163.8,5756c913481872253c810e989328d7a5
,,,35.0,13.0,,3171.0,3189.0,144.2,,4.8,,7.29,88.0,16/30 Boroprop+12/18 Foreprop+12/18 Boro,,,,30.0,181.9,95.0,238.5,bcbcef5e92bc7cddcddea2282aedf3a6
,,,37.0,8.0,,2976.0,2992.0,103.7,,2.5,,4.5,29.635,16/30 Boroprop+12/18  Foreprop+12/18 Bor,,,,30.0,,40.0,95.9,8c9796b3803d75e5b8db203524b53c7b
90.0,102.67,1.0,480.0,17.0,270.0,3230.0,3231.0,130.76,19.0,3.8686,,1.7029,30.0,For20/40,354.0,62.0,600.0,3.6,37.8,55.0,137.5,5122418cc2a2c851546fa82d0d0990cd
,,,18.0,13.0,,3144.0,3162.0,138.6,,5.8,,10.72,109.465,16/30 Boroprop+12/18 Boroprop+12/18 Boro,,,,30.0,180.6,90.0,248.5,e6659519eee82ee8c2536d6a0a865856
90.0,125.7,0.8,36.0,18.0,270.0,3239.0,3239.0,78.7,38.3,7.5,0.54,28.8,69.8,‘Œ–20/40+‘Œ–16/20,320.0,47.4,898.0,3.6,402.0,70.0,230.0,3f9510003e115734fbe173a3bb35bd94
12.5,255.7,1.2,70.0,12.0,217.0,3216.0,3235.0,190.55,63.768,3.4010000000000002,0.7801643644091,7.653068048631152,180.0,16/20 Fores+12/18 Fores+12/18 RCP Fores,172.0,37.207,1000.0,,619.0,220.0,,f71d2f4c8029d1c8dbe60be15042b81e
7.4,242.0,1.5,60.0,20.0,275.0,2719.0,2764.0,177.6,47.5,8.14,0.81,10.26,229.4,‘Œ–16/20+‘Œ–12/18+‘Œ–12/18RCP,309.0,76.0,1101.0,3.6,846.8,210.0,580.0,260f2a2711571771a5025f2b77bc123f
7.0,327.0,1.0,55.0,29.0,275.0,2720.0,2720.0,150.0,75.0,4.31331953071084,80.0,6.29470921590487,99.6,‘Œ–16/20+‘Œ–12/18+‘Œ–12/18RCP,292.0,45.0,800.0,3.5,267.0,150.0,418.7,09dfc186d24aab3aa8fc541f3561a3dd
7.0,234.0,1.3,28.0,11.0,200.0,3106.0,3133.0,128.28,22.795,6.3353,,4.4532,59.2,‘Œ–16/20+‘Œ–12/18+‘Œ–12/18RCP,202.0,40.0,1100.0,3.6,36.5,60.0,167.3,a431c7b8e5d9f1f140ad7eced54eb109
6.0,26.0,0.8,104.0,14.0,270.0,2898.0,2917.0,150.13,20.851999999999997,6.8266,,8.8133,99.8,16/20‘Œ–+12/18‘Œ–+12/18‘Œ–RCP,247.0,39.0,1200.0,3.6,329.0,115.0,,245ab095fd961fff248cd3221dd12ad1
,,,50.6,9.0,,2600.0,2652.0,86.3,,5.0,,9.58,89.465,16/30 Boroprop+12/18 Boroprop+12/18 Boro,,,,30.0,145.3,80.0,209.3,35e6c9fd1228c8209ff4643805192c4e
14.0,152.0,,20.0,14.0,165.0,,20.0,175.0,54.0,4.3,,4.9,100.0,50+35,163.0,16.0,1000.0,3.6,455.0,140.0,,f6373564addf0f0061435bcae4fba3ae
4.0,100.0,,10.0,9.0,130.0,,10.0,166.0,45.0,4.36,,2.5,100.0,‘Œ–16/20+‘Œ–12/18,233.0,52.0,1000.0,,2.0,85.0,,0b3ab4e5a4fb872263210f811d40393e
,,,14.0,8.0,,2985.0,3000.0,124.2,,3.9,,4.01,69.54,16/30 Boroprop+12/18 Boroprop+12/18 Fore,,,,,113.9,55.0,156.2,6d1f658f9260f4bbe3b92dda341aa96b
,,,20.0,12.0,,,,172.0,,4.629097426298982,,4.36130952285901,119.5,,,,,35.0,,95.0,253.09,d84a959d9176806072c1eb399d7490cf
5.5,35.0,2.0,20.0,11.0,160.0,2906.0,2926.0,168.5,53.9,4.5,,5.26,99.51,55+30+15.01,163.0,25.045,1000.0,3.5,615.0,140.0,323.5,038753062b1b3941bbce024a2af27e18
,,,45.0,8.0,,3224.0,3240.0,94.0,,5.393563254192912,,8.08651965912326,79.3,,,,,35.0,60.0,65.0,102.68,5b4d9d5370aa726557eb12485d95e741
,,,43.6,7.0,,2460.0,2480.0,82.0,,10.0,,38.33,80.5,Fores 16/30+Fores 12/18+Fores 12/18 RCP,,,,35.0,313.0,60.0,182.9,bf5a5241dac3e5686d049e818a4aee49
,,,20.0,5.0,,2423.0,2443.0,117.25,,4.4325,,4.3025,49.7,16/20ForeProp+12/18ForeProp+12/18Fores(R,,,,28.0,,50.0,183.9,e4acc30a5c0615611542c315a2fc0842
0.4,316.0,1.3,40.0,3.0,200.0,2587.0,2596.0,70.0,39.47,3.5,0.5,13.612,29.8,For16/20+For12/18+For12/18RCP,305.0,61.0,1100.0,3.6,153.5,30.0,85.0,9bec549ed3787eeae80c36ac5adb13d0
,,,42.0,11.0,,2808.0,2854.0,115.0,,4.5,,6.9,109.2,16/30Boro + 12/18Boro + 12/18BoroRCP,,,,30.0,75.2,90.0,231.08,005642f48d3e86d871bb701bac2ba042
5.58,73.0,1.3,66.48,7.0,127.0,2536.0,2592.0,144.2,65.02600000000001,8.0076,,6.5846,239.6,16/20‘Œ–+12/18‘Œ–+12/18RCP,52.0,37.0,1200.0,,705.1,330.0,693.2,aadbd4a5c9673d229a84be2438518b97
2.49,30.0,1.3,30.0,7.0,218.0,2539.0,2550.0,120.89,55.431000000000004,2.9453,0.662227412265462,9.83572062332572,80.0,16/20 Fores+12/18 BoroProp+12/18 RCP Bor,205.0,38.72,1000.0,,321.0,120.0,,1c641ae366dd27cfa15df6b3eb48066a
,,,14.0,7.0,,3119.0,3133.0,139.64,,3.7235,,1.7803,49.7,16/20ForeProp+12/18ForeProp+12/18Fores(R,,,,30.0,,60.0,202.0,d40615487908734418e61e1743fddc3c
,,,3307.0,9.0,,,3287.0,107.76,,3.7448,,5.1495,69.6,16/20BoroProp+12/18BoroProp+12/18Boro(RC,,,,30.0,,60.00899999999999,207.2,3d72a24a611bc4e63f9412ee26f282f6
,,,38.0,5.0,,3058.0,3072.0,120.0,,4.6021627535134195,,8.409493648138799,69.3,16/30Boro + 12/18Boro + 12/18BoroRCP,,,,35.0,52.0,45.0,135.0,f8c6e6f9d7ba01543f4e76f0ec8e6256
2.72,85.0,1.3,42.0,16.0,151.0,2877.0,2908.0,173.0,48.0,6.84,0.79,9.95,179.4,‘Œ–16/20+‘Œ–12/18+‘Œ–12/18RCP,165.0,56.4,1200.0,3.6,671.4,220.0,510.0,5c2ab8d7b3c0662c9fb78a19f383bdac
,,,29.0,5.0,,3006.0,3033.0,89.3,,3.4,,9.36,49.52,16/20 Boroprop+12/18 Foreprop+12/18 Boro,,,,30.0,99.2,40.0,125.0,56d11d8c56c1f83305f6ba18a95a9e89
3.0,273.0,,8.0,3.0,158.0,,10.0,108.0,54.0,2.56,,3.5,50.0,15+25,194.0,49.0,1000.0,,49.0,45.0,,2673cf7f6587ea26376f7d0748ebeac5
0.6,149.0,1.3,49.0,4.0,190.0,2689.0,2701.0,75.1,49.6,4.87,,13.55,49.8,‘Œ–16/20+RCP 16/20,434.0,39.0,999.0,3.4,284.0,50.0,144.0,87e251bd6ca326330c6dcf168adf5f4c
,,,10.0,3.0,,3070.0,3078.0,70.0,,4.15927240461402,,4.61679236912156,29.6,16/30Boro + 12/18RCP CarboP,,,,,16.5,20.0,63.9,e0cc3e36c7e3b1cf17d5b8abd6a2ef50
3.3,180.0,1.9,5.5,2.0,160.0,2872.0,2882.0,98.9,42.6,3.71,,6.16,39.8,‘Œ–16/20+RCP 16/20,248.0,53.0,1097.0,3.6,232.0,40.0,139.0,36b9b03fe6f054cefb4db3977b479d47
2.32,318.0,0.9,10.0,4.0,110.0,3032.0,3042.0,138.1,38.9,4.4,,14.34,59.4525,‘Œ–16/20+‘Œ–12/18+RCP 12/18,157.0,35.45,1100.0,3.3624,269.3,80.0,170.65,57e819bddc72cc7217ac440272d1ad8a
,,,44.0,15.0,,3243.0,3286.0,81.9,,5.2,,14.99,81.0,16/30 Boroprop+12/18 Boroprop+12/18 Fore,,,,30.0,,70.0,187.7,e845395c95fc1d74f7d62d438adc4b6a
,,,23.0,10.0,,3218.0,3236.0,116.4,,3.1,,3.2,39.665,16/20 Boroprop+12/18 Foreprop RCP,,,,30.0,112.4,45.0,140.3,6a6a8e953aa5c1112963bc0cb8e15835
,,,10.0,3.0,,2754.0,2764.0,107.8,,2.7229,,3.2618,29.7,16/20ForeProp+12/18Fores(RCP),,,,30.0,,25.0,129.3,dd260c5e24be545a9dd8961aeb7f4fa1
1.0,151.0,,10.0,5.0,160.0,,10.0,165.0,50.0,4.5,,5.4,80.0,35+33,141.0,48.0,1100.0,3.6,398.0,110.0,,02dba139f57f4aa50c3fbf56f586551f
,,,56.4,11.0,,2522.0,2552.0,116.9,,3.4,,6.98,89.5,16/20 Foreprop+12/18 Foreprop+12/18 Fore,,,,,176.9,80.0,232.8,d67291f03bbed5d851bda21f56c966e1
6.0,175.0,,58.0,17.0,130.0,,58.0,175.0,32.0,13.31,,13.6,230.0,‘Œ–16/20+‘Œ–12/18,260.0,80.0,1200.0,3.6,2.0,240.0,,08a150adf24e74844be252fdd26c407c
2.12,69.0,1.3,47.0,3.0,205.0,2849.0,2858.0,98.6,45.3,4.0,0.46,11.0,49.6,‘Œ–16/20+‘Œ–12/18,399.8,71.0,956.0,3.5,249.0,70.0,177.0,44b2bb9651b84a6640ee9cec8fc573ee
5.2,91.0,1.3,41.0,5.0,147.0,2516.0,2544.0,142.7,34.8,4.58,,7.5,69.8,‘Œ–16/20+‘Œ–12/18+‘Œ–12/18RCP,177.218,53.4,1100.0,3.6,375.0,95.0,210.2,f1697755b5131492ee34f79f0ac66474
,,,15.0,10.0,,2833.0,2847.0,144.0,,3.3,,1.21064814814815,97.6,Carbolite 16/30+Borovichi 12/18+Santrol,,,,35.0,,60.16,284.24,1390ea1f8bd63dd4bd04682276bcbd1d
,,,58.0,26.0,,2729.0,2783.0,103.9,,4.1,,10.56,179.485,16/30 Boroprop+12/18 Boroprop+12/18 Fore,,,,,273.4,150.0,399.4,73628a074811b6524add8e5db22bf311
4.0,339.0,,52.0,14.0,150.0,,40.0,,,,,,200.0,170,102.0,29.0,1100.0,3.6,899.0,270.0,,4f8fa5005a9489c2df79b075234c0641
,,,13.0,6.0,,2683.0,2699.0,126.3,,4.1,,6.7,39.535,16/30 Boroprop+12/18 Boroprop+12/18 Fore,,,,30.0,70.3,25.0,86.1,27ca40a785b4a8d7c05a57d5d2a3758d
,,,8.0,4.0,,3062.0,3074.0,121.3,,4.1,,6.53,39.535,16/30 Boroprop+12/18 Boroprop+12/18 Carb,,,,30.0,72.2,25.0,87.1,9e9361ee4a678722163f069a51a8f799
,,,14.0,7.0,,2825.0,2839.0,102.7,,2.9528,,5.4405,48.2,16/20ForeProp+12/18ForeProp+12/18Fores(R,,,,30.0,,52.0,204.5,554a2de66befa7e154c61a60e37050cc
,,,61.8,20.0,,2836.0,2856.0,130.0,,5.15,,5.6,120.0,Borovichi 16/30+Borovichi 12/18+Carpopro,,,,35.0,460.0,90.0,314.9,f51346e945f83e8388603df41c0f6ae6
,,,19.0,8.0,,2920.0,2944.0,125.1,,4.1,,7.57,69.51,16/20 Foreprop+12/18 Foreprop+12/18 Boro,,,,30.0,125.1,50.0,170.2,31856c3af48815819473d02fc2801606
,,,8.4,5.0,,3154.0,3164.0,125.4,,3.6,,5.01,39.475,16/30 Boroprop+12/18 Boroprop+12/18 Boro,,,,30.0,75.1,30.0,91.6,1cbf3e729a2f3c1949262f3b88dcf233
2.5,19.0,1.3,32.0,12.0,230.0,2621.0,2653.0,116.2,53.3,5.72,0.63,12.35,109.4,‘Œ–16/20+‘Œ–12/18+‘Œ–12/18RCP,249.98,45.0,1101.0,3.5,491.0,100.0,290.5,3dc63c5f8a990b71048b26b0a6ac3098
1.32,1.0,1.3,13.0,6.0,173.0,4.0,18.0,140.0,14.0,2.0,0.68,8.0,9.0,12/18 RCP,145.0,14.0,1000.0,,15.0,19.0,,8efb4a39dfc57f8d8e4b537b11d0686a
,,,11.0,4.0,,3266.0,3277.0,95.87299999999999,,3.9608,,5.7528,49.7,16/20ForeProp+12/18ForeProp+12/18Fores(R,,,,28.0,,60.0,203.1,387e8429d0f4f9e70d350314cb012f52
,,,,9.0,,,,104.0,,5.0253177114404,,6.97343366400039,71.369,,,,,35.0,,,188.9,beca6d9f8328b86b3687e8bf59ee016f
,,,8.0,6.0,,2551.0,2559.0,86.9,,3.9,,6.31,34.455,16/20 Boroprop+12/18 Boroprop+12/18 Boro,,,,28.0,185.0,30.0,92.5,c0fcda2da08fcdcb6bafa9a6d9d7e4e7
1.0,197.0,1.7857142857142905,24.0,6.0,260.0,2740.0,2740.0,155.0,29.0,5.0,80.0,7.3,69.6,‘Œ–16/20+‘Œ–12/18+‘Œ–12/18RCP,187.0,35.0,1100.0,3.4,154.0,90.0,210.8,d36381d53629a8e2a850e63249a2e10e
1.0,217.0,1.5344827586206895,20.0,6.0,270.0,2630.0,2650.0,150.0,40.0,4.3219881145326795,80.0,4.17979956173098,79.1,‘Œ–16/20+‘Œ–12/18+‘Œ–12/18RCP,202.0,38.0,1100.0,3.4,163.0,80.0,216.3,c4b5b89b6ef6606c466d84292030efd8
,,,48.0,7.0,,3484.0,3528.0,150.0,,4.5,,5.09,111.51,16/20 Boroprop+12/18 Boroprop+12/18 Fore,,,,30.0,256.5,110.0,360.3,70c754d2943637baa38189b115c12c30
,,,12.0,4.0,,3388.0,3397.0,118.7,,3.4,,9.79,39.51,16/20 Boroprop+12/18 Foreprop+12/18 Fore,,,,30.0,49.6,40.0,110.8,1f14be78879a176d43e87149def14a63
,,,95.0,4.0,,,,101.0,,5.175,,7.87,89.7,Borovichi 16/30+Borovichi 12/18+Borovich,,,,,605.0,90.0,242.3,a62498cb48cfb379ba2640e8d8e12ed9
,,,23.0,11.0,,2573.0,2594.0,160.0,,4.19463087248322,,5.9285572800149104,99.4,,,,,34.9999918,62.1,100.0,100.0,754a1d0ef26c694859db328ec60d23e9
19.0,95.0,1.31455399061033,36.0,21.0,180.0,2857.0,2912.0,145.0,85.0,3.4,,5.7,130.0,‘Œ–16/20+‘Œ–12/18+RCP 12/18,190.0,36.0,900.0,3.4,244.5,150.0,420.8,9bdd9229dbb58ac4de5587b1998685c5
,,,40.4000000000001,10.0,,2760.0,2798.0,150.96,,4.1599,,7.7037,99.6,16/20ForesProp+12/18BoroProp+12/18Boro(R,,,,30.0,,100.0,318.0,2bf3c2d5cd55b9ef43e7140c62be3c5a
6.0,326.0,1.0,56.0,24.0,142.0,2765.0,2810.0,131.65,82.069,2.8794,,5.9242,149.8,70+56+24,162.0,45.0,1100.0,3.6,103.0,170.0,422.0,1cb69fe220cee2ed4f1ec2439238cdf5
,,,98.0,31.0,,3246.0,3327.0,106.3,,5.4,,9.84,179.45,16/20 Foreprop+12/18 Foreprop+12/18 Boro,,,,,997.4,180.0,488.2,333cb091a4bab9eec1589ba0b3136de3
,,,43.0,21.0,,2485.0,2527.0,106.6,,6.5,,7.36,150.78,16/20 Foreprop+12/18 Foreprop+12/18 Fore,,,,30.0,336.7,150.0,425.2,636baa4564c601ce57aedbec27abee69
,,,27.0,16.0,,2507.0,2536.0,136.5,,4.5,,3.4,107.3,16/20 Foreprop+12/18 Foreprop+12/18 Fore,,,,30.0,270.9,150.0,348.1,f418638850d16c7342a45ab8fa52db60
,,,22.0,14.0,,2812.0,2834.0,149.4,,4.4,,2.6,99.495,16/30 Foreprop+12/18 Boroprop+12/18 Boro,,,,30.0,,85.0,227.9,6b68ae1be719488f259414bcb925ce37
,,,22.0,7.0,,3119.0,3145.0,138.6,,3.5,,4.52,59.56,16/20 Foreprop+12/18 Foreprop+12/18 Fore,,,,30.0,123.7,50.0,159.2,19a9e207d7a349ab9ef40de491f8ec15
3.4,333.0,0.9,66.0,10.0,128.0,3146.0,3164.0,153.4,39.6,10.67,,20.57,200.8,75+106+20,166.0,24.0,1096.0,3.6,973.0,250.0,573.0,097278c74db2f57facb9a33a3857d995
,,,15.0,3.0,,3109.0,3124.0,103.4,,3.8,,10.72,39.455,16/20 Foreprop+12/18 Boroprop+12/18 Boro,,,,30.0,89.7,35.0,102.9,58b487691391d69d0ffb306be3fb69d0
6.3,242.4,0.9,16.0,2.0,151.0,3118.0,3128.0,113.99,8.9477,5.5537,,6.0306,44.6,‘Œ–16/20+‘Œ–12/18+‘Œ–12/18RCP,170.0,53.0,900.0,3.6,50.5,40.0,140.5,c26785408c8d7adcc5382fee112e3eee
,,,34.0,13.0,,2949.0,2977.0,156.2,,4.6,,3.49,119.4125,16/20 Boroprop+12/18 Foreprop+12/18 Fore,,,,30.0,122.1,100.0,277.4,817ce937b35e0936a9ffc1cfbdb4b700
2.92,338.0,1.8,12.0,5.0,246.0,3356.0,3374.0,138.23,29.785999999999998,3.3939999999999997,,5.0317,39.6,10+20+10,246.0,26.0,1000.0,3.6,39.0,40.0,114.0,657deb87b0f725e01ce3f558beb05ce6
6.0,101.0,0.8,42.0,9.0,193.0,3067.0,3120.0,175.0,55.0,5.0272308336824505,0.7785705658934692,8.1,149.7,,177.0,,1000.0,3.6,605.0,180.0,,d149ae783975661baf0dc9827d60baa4
2.0,277.0,1.3,30.0,9.0,200.0,2901.0,2917.0,106.0,15.49,6.2516,,7.489,59.6,For16/20+For12/18+For12/18RCP,262.0,28.0,1100.0,3.6,60.0,85.0,189.4,e6eecf29cf69b376111285abda30bcd3
9.0,127.0,,16.0,7.0,259.0,,20.0,147.0,37.0,3.7,,6.2,50.0,25+15,259.0,67.0,1100.0,3.6,244.0,60.0,,d33af0454c15662737bdf042d95c18ad
3.29,233.62,0.8,24.4,8.0,164.0,2543.0,2566.0,179.51,24.4,5.6897,0.8558197000994641,21.162444696674303,159.9999571,,109.0,39.1,1100.0,,506.7,170.0,,4b76064cbaace6d48f1c5953b4eaad16
5.31,271.0,1.0,43.8,18.0,170.0,2604.0,2632.0,137.49,35.51,11.9,0.73,30.695999999999998,179.8,For20/40+For16/20+For12/18+For16/20RCP+F,130.0,28.8,1100.0,3.6,881.0,235.0,560.0,02384c4d1324238fb99fcf66c88fbdad
4.0,318.0,1.2,52.0,13.0,340.0,2752.0,2781.0,145.32,84.74,3.5801,,4.4508,119.2,‘Œ–16/20+‘Œ–12/18+‘Œ–12/18RCP,406.0,60.0,1000.0,4.2,50.3,15.0,352.4,390f816cc9605129f700f7cc53ada7c3
,,1.7,12.0,5.0,340.0,2862.0,2873.0,90.0,30.0,3.8,0.47,21.4,32.6,‘Œ–16/20+‘16/20RCP,340.0,,1100.0,,91.0,20.0,118.2,a1d637c2552d4cfb99695aaef6141914
,,,60.0,20.0,,,,187.0,,5.1263014038848,,6.1981644246970795,250.178,16/30Fores + 12/18Fores + 12/18ForeRCP,,,,34.9999918,,170.0,513.0,97a140dfc00b5c77c8747261cdff8579
,,,75.5,11.0,,2634.0,2670.0,104.0,,6.73,,15.165310716510902,120.5,Fores 16/30+Fores 12/18+Fores 12/18 RCP,,,,35.0,466.0,105.0,256.0,b23b5b7b96eaf56f7da0df8e88ce2c7d
,,,119.0,21.0,,2586.0,2608.0,87.9,,10.4,,22.73,139.5,16/30 Boroprop+12/18 Boroprop+12/18  For,,,,30.0,,95.0,293.9,fb012029fe2af5b8e9a7c49f0f06d81f
7.7,229.0,1.6,40.0,8.0,260.0,3050.0,3068.0,190.8,45.1,3.0,0.66,2.4,79.4,‘Œ–16/20+‘Œ–12/18+‘Œ–12/18RCP,212.6,40.8,1096.0,3.5,359.0,80.0,210.0,8638cf7ef5d7bab8114fc5b55d57f8cf
2.9,69.0,1.4,56.0,18.0,275.0,2699.0,2735.0,126.4,33.0,10.78,0.68,17.79,139.4,‘Œ–16/20+‘Œ–12/18+‘Œ–12/18RCP,268.0,59.0,1097.0,3.6,600.9,140.0,370.0,e16d255bfa3dc11be1a2a2a136092ba7
1.0,158.0,1.3,122.8,5.0,200.0,2678.0,2690.0,95.71700000000001,16.923,6.8542,,6.335,59.6,‘Œ–16/20+‘Œ–12/18+‘Œ–12/18RCP,129.0,3.0,1100.0,3.6,59.7,90.0,197.2,dfa12d05582ecbb7a792529cb70f3443
,,,40.0,14.0,,,,99.2,,2.8,,5.87,133.035,16/30 Boroprop+12/18 Boroprop+12/18 Boro,,,,,251.6,135.0,324.9,555b49fec1831920e4472971ede1a24c
,,,93.0,23.0,,2625.0,2718.0,145.4,,4.7,,5.86,249.5,16/30 Boroprop+12/18 Boroprop+12/18 Fore,,,,,,220.0,604.1,713338d96748328da09a21d8aabec368
,,,56.0,12.0,,2945.0,3001.0,105.6,,3.2,,6.29,69.565,16/20 Foreprop+12/18 Foreprop+12/18 Boro,,,,,121.9,70.0,171.7,4d6ce2e32bfdd278161f85731a7e05f8
,,,6.0,5.0,,2897.0,2911.0,93.7,,3.2,,10.77,29.48,16/30 Boroprop+12/18 Boroprop RCP,,,,30.0,57.1,20.0,65.2,bf318a27376e1c5645176ec275cfa222
5.0,135.0,,8.0,2.0,170.0,,9.0,107.0,41.0,3.7,,6.6,39.0,32,274.0,61.0,1100.0,3.6,193.0,40.0,,d7e88ed014ceffe2232d9e913887c7e6
4.58,125.0,1.3,38.0,3.0,132.0,2962.0,3000.0,98.57799999999999,37.183,3.4123,,3.6,110.0,16/20‘Œ–+12/18‘Œ–+12/18‘Œ–RCP,340.0,71.0,1200.0,3.6,388.0,145.0,,282732a2ace9113f8d32535244ad84e3
,,,40.0,4.0,,3018.0,3098.0,119.1,,5.0,,4.67,169.495,16/30 Foreprop+12/18  Foreprop+12/18 Bor,,,,,,140.0,352.8,82caef031d483d87aa06ab8833f6d1e2
4.0,75.0,,12.0,3.0,242.0,,12.0,127.0,38.0,4.0,,7.8,49.0,42,246.0,56.0,1100.0,3.6,233.0,70.0,,e0b1b21139620961906e9a7881c1dbc4
,,,99.0,6.0,,,,80.6,,12.3,,6.16,299.5,16/30 Boroprop+12/18 Boroprop+12/18 Boro,,,,,,200.0,678.0,dafba5fe6e87ad20085d758186cdc1cf
,,,85.0,12.0,,2612.0,2692.0,115.8,,7.2,,7.43,249.5,16/20 Foreprop+12/18 Foreprop+12/18 Fore,,,,,,180.0,460.3,969954a442289113b96dffb79f4c99c4
,,,112.0,7.0,,2682.0,2773.0,122.5,,4.7,,4.16,179.485,16/30 Foreprop+12/18  Foreprop+12/18  Fo,,,,,,135.0,358.3,0c115e212e735f62a29be261b7da800b
3.5,127.0,1.3,25.0,3.0,118.0,2568.0,2593.0,117.2,65.4,4.8,,13.1,89.8,16/20 ‘Œ–+12/18 ‘Œ–+12/18 ‘Œ– RCP,187.38,68.509,1100.0,3.736,280.0,110.0,,1c76c16d6f5e5b2647d4adb180ef156d
0.55,131.8,1.3,44.0,15.0,141.0,2476.0,2514.0,119.32,64.251,5.8927,0.5395755239131049,11.349,147.0,16/20‘Œ–+12/18NPT+12/18‘Œ–RCP,110.0,46.0,1000.0,3.6,279.8,250.0,,265371ffde76fcffc7e4959a4bdc3ecf
1.0,271.0,1.3,123.2,15.0,220.0,2818.0,2839.0,140.39,21.999000000000002,6.9329,,5.3478,79.6,‘Œ–16/20+‘Œ–12/18+‘Œ–12/18RCP,232.0,25.0,1000.0,3.6,55.1,105.0,240.3,89d8a6befb17f42494a91173c84446bd
6.976,286.0,1.3,7.5,5.0,220.0,2955.0,2980.0,111.43,8.9376,5.9974,,6.7347,49.6,‘Œ–16/20+‘Œ–12/18+‘Œ–12/18RCP,279.0,62.0,900.0,3.6,59.4,50.0,161.1,7fbb796cc42d6e00c140078bacbdf42d
8.01,299.71,1.3,6.3,4.0,200.0,3180.0,3191.0,75.33,9.9094,4.8872,,4.8156,31.8,20/40‘Œ–‘Œ–+16/20‘Œ–‘Œ–+12/18‘Œ–‘Œ–RCP,488.0,58.0,700.0,4.2,148.9,42.0,196.5,11a9ec373db79f6386c352de776fc373
4.4,185.0,1.3,64.0,16.0,220.0,2792.0,2815.0,134.85,50.835,5.9596,,5.4128,79.6,‘Œ–16/20+‘Œ–12/18+‘Œ–12/18RCP,366.0,63.0,950.0,3.8,59.1,100.0,245.0,2d4324ad6f0ab95e0570aff40c580b9b
11.48,210.0,3.5,22.0,15.0,210.0,3584.0,3592.0,72.5,40.21,10.6855555555556,,4.80788177339902,82.3,Bor 16/20+Bor 12/18+Bor 12/18 RCP,168.0,40.0,1279.0,0.35,1311.4,35.038000000000004,,fb8de1efd55f5f174f7cd9125aaf2736
20.0,297.0,3.4,18.0,16.0,250.0,3262.0,3268.0,67.1,50.5,1.6,,1.97,22.4,16/20Boro+12/18 Bor,270.0,53.0,,0.3,,14.0,,fa5687dcaa35024568981760194e11a3
23.0,64.0,7.0,8.0,5.0,260.0,3347.0,3353.0,90.7,35.2,4.9,,2.87,50.44,16/20Boro+12/18 Bor+12/18 Bor RCP,250.0,77.0,,0.3,,13.0,,8a1bb504879b7da32b431048b69dde1e
1.0,,3.5,41.0,12.0,250.0,2847.0,2853.0,59.0,32.0,7.04059826560009,,7.24346296138857,50.441,16/20Bor+16/20 CP SHS,240.0,37.0,,0.33,,14.98,,37338d3f1587fe381bd3a24bb7bd61ba
4.0,88.0,2.0,36.0,18.0,240.0,2852.0,2860.0,90.0,34.0,7.29064441916168,,18.1172513816168,99.485,16/20Bor+12/18 Bor+12/18 Bor RCP,233.0,37.0,,0.4,,27.9,,ab6ff4bff1be25c0dd00a4844afe0cd4
5.0,335.0,5.0,,10.0,320.0,3043.0,3051.0,84.0,42.0,5.4,,2.4,69.56,16/20Bor+16/20 CP SHS,239.5,38.0,,0.35,,20.0,,2abe5d8b51f5021f947961f3222c48c1
65.27,142.38,2.15,41.2,13.0,240.0,2854.0,2864.0,70.18,44.178999999999995,2.7811,0.248172466833629,7.5688,25.0,20/40 Bor+16/20 For+12/18 Bor+16/20 ¬or,308.0,61.0,1000.0,0.3,60.21,16.0,,c43a70eed6be2ca0ba61719163fcad10
11.5,126.0,1.13,14.2,13.0,230.0,2648.0,,145.0,25.7,7.4,,18.6,89.5,,,38.0,,,,55.0,196.5,fc330f0bffba3e7b5a612199a98a1ce0
7.5,246.0,1.3,,11.0,260.0,,,191.4,58.4,3.87,,3.0,79.5,,,79.0,,,,75.0,278.4,fd9cd51e3c889beb7b75704c19861bff
10.45,240.0,1.3,,10.0,260.0,,,145.4,41.0,4.5,,5.8,79.5,,,73.0,,,,70.0,276.4,1ddedb7c5763e42726e412ae1a88160f
88.6,171.8,1.3,,11.0,230.0,,,163.7,33.7,2.9,,2.8,49.5,,,,,,,50.0,182.8,a3fff9b7c3cd667cacd6c541c3c5a695
89.2,229.5,1.3,,2.0,230.0,,,130.7,27.4,5.3,,4.7,59.5,,,61.0,,,,45.0,163.2,22a661dc7f2ca6f3899c6afb63e2df81
3.82,72.7,1.3,,3.0,230.0,,,86.9,44.1,3.6,,7.5,49.5,,,76.0,,,,40.0,187.5,250e6e1a659c831d3923500bb14442e8
0.5,13.0,1.3,,10.0,260.0,,,179.2,35.5,4.4,,4.2,89.5,,,78.0,,,,40.0,233.2,b8b40b772d86ab0dc642a7ead5284e72
24.1,97.0,1.3,,13.0,210.0,,,188.9,31.6,5.7,,7.1,109.5,,,24.0,,,,120.0,335.7,ff4b72bca181b95c5cdd7679c4dc312f
13.36,192.0,1.5,,12.0,180.0,,,293.0,48.3,4.2,,3.3,129.5,,,40.0,,,,140.0,402.8,c207346c98325f81db7a23e4da078710
5.56,202.0,1.3,,9.0,200.0,,,107.0,40.33,5.0,,11.4,70.0,,,34.0,,,,62.0,218.3,ca61aeab3a2337a10592944e3d3c5a74
9.37,87.0,1.2,,14.0,180.0,,,219.0,41.7,6.2,,5.3,111.0,,,43.0,,,,140.0,371.25,424b371bdd4ffa24231ba0638e725d24
11.0,108.0,1.5,,11.0,220.0,,,172.3,43.2,5.3,,7.7,104.5,,,45.0,,,,120.0,321.3,4727e67a56d9b67254b23f3a8ce3c7d9
6.49,79.0,1.3,,9.0,230.0,,,94.6,36.1,5.8,,12.8,60.0,,,42.0,,,,45.0,191.5,cdc9f9e17f2b9cd54bf476f07e6266e1
10.5,45.0,1.3,,1.0,170.0,2637.0,,156.6,49.2,4.2,,5.3,89.5,,,30.0,,,,100.0,255.9,e7ec53ddbfc0344fd933f6a564e1a495
2.85,85.8,1.4,,11.0,230.0,,,171.3,24.3,6.61,,3.56,109.5,,,31.0,,,,85.0,321.8,efc27bde734b6da88040a81f8bdddf24
17.3,160.0,1.5,,18.0,220.0,,,194.9,42.9,4.4,,3.7,102.7,,,49.0,,,,65.0,303.7,499b92fb231235d07f2047cdc97bb6e1
18.4,217.0,1.0,,14.0,240.0,,,113.55,41.84,6.66,,16.1,96.0,,,68.0,,,,53.0,286.9,9adecd0aecacb7b08baabac0c9d2f811
16.4,73.0,1.3,,12.0,210.0,,,217.4,65.9,2.89,,2.4,119.5,,,39.0,,,,120.0,355.8,d9f7dff69e85794191e06015a6086b34
11.2,65.0,1.2,,17.0,220.0,,,125.08,39.05,6.89,,13.1,92.0,,,43.0,,,,75.0,301.9,2d721e9205dd75bd3976a9aa0b76e618
15.3,140.0,1.3,,14.0,170.0,,,199.7,44.9,4.9,,4.4,119.5,,,57.0,,,,120.0,356.7,a5eb08e9ed8b23eb403a72006e304a56
4.58,273.0,1.3,,9.0,230.0,,,179.3,37.7,5.4,,5.8,75.0,,,64.0,,,,37.0,200.5,4241434fd1862869b77f1f3e22045291
14.5,341.0,1.3,,14.0,230.0,,,168.3,49.2,5.7,,9.2,119.7,,,35.4,,,,160.0,402.6,0556368a803a0c64972646d4bfaecd86
16.5,151.0,2.0,,14.0,180.0,,,198.9,19.2,9.5,,8.6,119.5,,,28.0,,,,120.0,349.3,442c30be6d733e814a37cb9cebb9b15a
14.1,224.1,2.0,,12.0,200.0,2660.0,,150.8,34.6,4.8,,6.86,69.5,,,40.0,,,,50.0,168.8,d7f145259f0dc05d96bb41fa0183bd31
21.0,192.0,1.8,,4.0,230.0,,,149.8,27.9,3.5,,4.7,49.5,,,80.0,,,,30.0,165.3,6d5487bc432c3a0c0f284d0cff23fedf
21.5,102.0,1.3,,13.0,170.0,,,207.9,33.6,4.3,,3.8,89.5,,,44.0,,,,70.0,276.4,79a0073a4e5f43f078ea0f37287068e6
15.4,108.0,1.3,,16.0,230.0,,,121.3,27.5,8.3,,9.9,89.5,,,38.0,,,,60.0,263.6,4af252084139ab2c2246bb5025f1e75a
20.4,178.1,2.0,,10.0,230.0,,,127.8,30.0,8.2,,6.8,89.5,,,54.0,,,,65.0,268.5,9fbbd7319dfed581547d25f664ea0b38
2.22,241.1,1.3,,9.0,230.0,,,122.6,31.0,7.0,,8.5,69.5,,,65.0,,,,30.0,197.1,c46e6577ed8a7b5c6390dbd510532254
9.7,175.0,1.3,,10.0,200.0,,,158.6,36.9,7.0,,7.8,119.5,,,26.0,,,,120.0,375.9,a72e3b2cd5678607b2847d02f1781ceb
5.18,116.0,2.0,,10.0,150.0,,,150.9,29.2,8.1,,13.5,104.5,,,20.0,,,,120.0,331.0,a698c289bcf07f95c14fd04a7390a4d2
11.2,166.3,1.3,,8.0,230.0,,,166.9,30.2,6.4,,7.2,64.5,,,56.0,,,,35.0,198.5,175da4863586bd62e76f99114fc97fac
14.3,126.0,2.0,,11.0,180.0,,,207.9,38.3,5.5,,4.5,109.5,,,58.0,,,,120.0,382.6,0a0106327ac0b21fe3033dc746605ecb
19.5,129.0,1.3,,9.0,260.0,,,139.1,38.6,4.6,,8.1,70.0,,,44.0,,,,50.0,208.0,b26c10c9db3284f12172486d76bfcb7d
13.82,336.68,1.3,,12.0,250.0,,,216.72,60.54,3.33,,6.1,120.0,,,73.0,,,,80.0,318.4,d55fa7c14dc2508fde23b0a4833b688e
76.7,342.0,1.3,,10.0,230.0,,,118.7,29.2,3.8,,5.2,49.5,,,49.0,,,,37.0,149.1,07759c3ef2b803a9223d72d37908cf41
12.5,332.0,1.3,,15.0,230.0,,,223.8,30.3,4.4,,4.9,89.5,,,57.0,,,,55.0,259.7,f12abbf02962630ac4ef91e49d077333
11.3,293.9,1.3,,11.0,230.0,,,138.3,31.5,6.7,,12.6,89.5,,,63.0,,,,55.0,256.9,5e69778b215abaac60b5a9f15673a8f8
10.8,7.0,1.35,,4.0,269.2,,,170.0,47.6,2.4,,3.7,69.5,,,82.0,,,,40.0,207.7,26b0ef08b630ff89812938b50b628569
